order_id,customer_id,order_date,items,category,price,quantity,discount,payment_method,shipping_address,item_info
1001,C001,2023-06-15 10:23:45,"['Apple MacBook Pro', 'Dell XPS 15']",Sports,1681.37,2,0.03,Credit Card,"987 Maple St, Miami, FL","{""title"": ""Televisions"", ""brand"": ""Apple""}"
1002,C002,2023-06-15 10:28:45,['Sony PlayStation 5'],Sports,206.18,4,0.08,Debit Card,"654 Cedar St, Austin, TX","{""title"": ""Smartphones"", ""brand"": ""Apple""}"
1003,C003,2023-06-15 10:33:45,"['Dell XPS 15', 'Apple MacBook Pro']",Electronics,749.17,4,0.17,Credit Card,"654 Cedar St, Austin, TX","{""title"": ""Laptops"", ""brand"": ""Dell""}"
1004,C004,2023-06-15 10:38:45,"['Logitech Mouse', 'FIFA 23']",Sports,242.05,5,0.06,PayPal,"654 Cedar St, Austin, TX","{""title"": ""Athletic Shoes"", ""brand"": ""Samsung""}"
1005,C005,2023-06-15 10:43:45,['LG 4K Smart TV'],Sports,1937.89,3,0.18,Credit Card,"564 Oak St, Los Angeles, CA","{""title"": ""Laptops"", ""brand"": ""Apple""}"
1006,C006,2023-06-15 10:48:45,['Sony PlayStation 5'],Electronics,350.83,2,0.03,Credit Card,"123 Main St, New York, NY","{""title"": ""Athletic Shoes"", ""brand"": ""Nike""}"
1007,C007,2023-06-15 10:53:45,['Apple MacBook Pro'],Gaming,1057.36,5,0.01,PayPal,"876 Elm St, Denver, CO","{""title"": ""Laptops"", ""brand"": ""LG""}"
1008,C008,2023-06-15 10:58:45,['Soundbar'],Electronics,1619.25,3,0.13,PayPal,"321 Pine St, Seattle, WA","{""title"": ""Gaming Consoles"", ""brand"": ""LG""}"
1009,C009,2023-06-15 11:03:45,"['Samsung QLED TV', 'LG 4K Smart TV']",Gaming,1921.67,1,0.02,Debit Card,"564 Oak St, Los Angeles, CA","{""title"": ""Athletic Shoes"", ""brand"": ""LG""}"
1010,C010,2023-06-15 11:08:45,['Sony PlayStation 5'],Sports,51.42,1,0.01,Credit Card,"654 Cedar St, Austin, TX","{""title"": ""Gaming Consoles"", ""brand"": ""Nike""}"
1011,C011,2023-06-15 11:13:45,['Adidas Shorts'],Electronics,708.5,2,0.05,PayPal,"564 Oak St, Los Angeles, CA","{""title"": ""Smartphones"", ""brand"": ""Dell""}"
1012,C012,2023-06-15 11:18:45,['Samsung QLED TV'],Electronics,1891.61,3,0.06,Debit Card,"123 Main St, New York, NY","{""title"": ""Laptops"", ""brand"": ""LG""}"
1013,C013,2023-06-15 11:23:45,"['Logitech Mouse', 'LG 4K Smart TV']",Electronics,1407.15,5,0.19,Debit Card,"123 Main St, New York, NY","{""title"": ""Smartphones"", ""brand"": ""Samsung""}"
1014,C014,2023-06-15 11:28:45,['FIFA 23'],Electronics,363.09,5,0.17,Credit Card,"564 Oak St, Los Angeles, CA","{""title"": ""Athletic Shoes"", ""brand"": ""Dell""}"
1015,C015,2023-06-15 11:33:45,"['FIFA 23', 'Soundbar']",Electronics,1569.68,4,0.1,Debit Card,"456 Elm St, San Francisco, CA","{""title"": ""Gaming Consoles"", ""brand"": ""LG""}"
1016,C016,2023-06-15 11:38:45,['LG 4K Smart TV'],Electronics,360.0,1,0.12,PayPal,"654 Cedar St, Austin, TX","{""title"": ""Gaming Consoles"", ""brand"": ""Samsung""}"
1017,C017,2023-06-15 11:43:45,"['Logitech Mouse', 'Mouse']",Sports,1375.68,5,0.06,Credit Card,"123 Main St, New York, NY","{""title"": ""Smartphones"", ""brand"": ""Samsung""}"
1018,C018,2023-06-15 11:48:45,"['Apple iPhone 13', 'Apple MacBook Pro']",Gaming,1889.15,4,0.13,Credit Card,"123 Main St, New York, NY","{""title"": ""Smartphones"", ""brand"": ""Sony""}"
1019,C019,2023-06-15 11:53:45,['AirPods Pro'],Electronics,1871.57,4,0.12,Credit Card,"876 Elm St, Denver, CO","{""title"": ""Athletic Shoes"", ""brand"": ""Sony""}"
1020,C020,2023-06-15 11:58:45,"['Adidas Shorts', 'Mouse']",Electronics,690.13,3,0.1,PayPal,"564 Oak St, Los Angeles, CA","{""title"": ""Athletic Shoes"", ""brand"": ""Samsung""}"
1021,C021,2023-06-15 12:03:45,['Soundbar'],Gaming,96.5,4,0.05,Credit Card,"987 Maple St, Miami, FL","{""title"": ""Gaming Consoles"", ""brand"": ""LG""}"
1022,C022,2023-06-15 12:08:45,"['Mouse', 'Samsung QLED TV']",Sports,1919.23,1,0.1,Debit Card,"876 Elm St, Denver, CO","{""title"": ""Laptops"", ""brand"": ""Sony""}"
1023,C023,2023-06-15 12:13:45,"['Watch 4', 'Adidas Shorts']",Gaming,1270.38,1,0.15,PayPal,"876 Elm St, Denver, CO","{""title"": ""Smartphones"", ""brand"": ""Dell""}"
1024,C024,2023-06-15 12:18:45,"['Adidas Shorts', 'Mouse']",Electronics,826.3,4,0.16,Credit Card,"876 Elm St, Denver, CO","{""title"": ""Smartphones"", ""brand"": ""LG""}"
1025,C025,2023-06-15 12:23:45,['Watch 4'],Electronics,491.53,5,0.07,PayPal,"789 Oak St, Chicago, IL","{""title"": ""Laptops"", ""brand"": ""Samsung""}"
1026,C026,2023-06-15 12:28:45,['Watch 4'],Gaming,1289.56,2,0.16,Debit Card,"123 Main St, New York, NY","{""title"": ""Laptops"", ""brand"": ""Samsung""}"
1027,C027,2023-06-15 12:33:45,['Apple MacBook Pro'],Gaming,690.71,2,0.0,PayPal,"987 Maple St, Miami, FL","{""title"": ""Laptops"", ""brand"": ""Dell""}"
1028,C028,2023-06-15 12:38:45,"['AirPods Pro', 'Samsung QLED TV']",Electronics,1934.14,1,0.11,Credit Card,"321 Pine St, Seattle, WA","{""title"": ""Gaming Consoles"", ""brand"": ""LG""}"
1029,C029,2023-06-15 12:43:45,"['Samsung QLED TV', 'LG 4K Smart TV']",Gaming,736.56,1,0.1,PayPal,"654 Cedar St, Austin, TX","{""title"": ""Laptops"", ""brand"": ""LG""}"
1030,C030,2023-06-15 12:48:45,"['AirPods Pro', 'Sony PlayStation 5']",Gaming,369.06,4,0.07,Debit Card,"564 Oak St, Los Angeles, CA","{""title"": ""Athletic Shoes"", ""brand"": ""Apple""}"
1031,C031,2023-06-15 12:53:45,"['Adidas Shorts', 'AirPods Pro']",Electronics,870.46,2,0.15,Debit Card,"456 Elm St, San Francisco, CA","{""title"": ""Televisions"", ""brand"": ""LG""}"
1032,C032,2023-06-15 12:58:45,"['Mouse', 'LG 4K Smart TV']",Sports,758.41,1,0.05,Debit Card,"321 Pine St, Seattle, WA","{""title"": ""Gaming Consoles"", ""brand"": ""Samsung""}"
1033,C033,2023-06-15 13:03:45,['Apple MacBook Pro'],Gaming,1152.49,3,0.0,Debit Card,"456 Elm St, San Francisco, CA","{""title"": ""Televisions"", ""brand"": ""Dell""}"
1034,C034,2023-06-15 13:08:45,"['Logitech Mouse', 'AirPods Pro']",Sports,803.69,3,0.1,PayPal,"789 Oak St, Chicago, IL","{""title"": ""Laptops"", ""brand"": ""Samsung""}"
1035,C035,2023-06-15 13:13:45,"['FIFA 23', 'Soundbar']",Sports,1552.98,4,0.19,Credit Card,"876 Elm St, Denver, CO","{""title"": ""Televisions"", ""brand"": ""Nike""}"
1036,C036,2023-06-15 13:18:45,['Sony PlayStation 5'],Gaming,366.17,1,0.11,PayPal,"789 Oak St, Chicago, IL","{""title"": ""Smartphones"", ""brand"": ""LG""}"
1037,C037,2023-06-15 13:23:45,['Watch 4'],Gaming,1188.12,3,0.01,Debit Card,"876 Elm St, Denver, CO","{""title"": ""Smartphones"", ""brand"": ""Samsung""}"
1038,C038,2023-06-15 13:28:45,['Apple iPhone 13'],Electronics,1389.53,3,0.07,Credit Card,"987 Maple St, Miami, FL","{""title"": ""Gaming Consoles"", ""brand"": ""Sony""}"
1039,C039,2023-06-15 13:33:45,"['Logitech Mouse', 'AirPods Pro']",Gaming,1451.01,3,0.07,Debit Card,"876 Elm St, Denver, CO","{""title"": ""Smartphones"", ""brand"": ""Sony""}"
1040,C040,2023-06-15 13:38:45,['Nike Air Zoom'],Gaming,385.33,5,0.1,PayPal,"789 Oak St, Chicago, IL","{""title"": ""Smartphones"", ""brand"": ""Samsung""}"
1041,C041,2023-06-15 13:43:45,['Samsung QLED TV'],Sports,340.31,2,0.15,Debit Card,"876 Elm St, Denver, CO","{""title"": ""Televisions"", ""brand"": ""Nike""}"
1042,C042,2023-06-15 13:48:45,['Samsung QLED TV'],Sports,99.07,5,0.18,Credit Card,"654 Cedar St, Austin, TX","{""title"": ""Televisions"", ""brand"": ""LG""}"
1043,C043,2023-06-15 13:53:45,['Mouse'],Sports,680.48,5,0.08,PayPal,"876 Elm St, Denver, CO","{""title"": ""Gaming Consoles"", ""brand"": ""LG""}"
1044,C044,2023-06-15 13:58:45,['Samsung QLED TV'],Sports,57.21,1,0.16,PayPal,"987 Maple St, Miami, FL","{""title"": ""Laptops"", ""brand"": ""Sony""}"
1045,C045,2023-06-15 14:03:45,"['Mouse', 'Adidas Shorts']",Sports,142.05,3,0.15,Debit Card,"321 Pine St, Seattle, WA","{""title"": ""Smartphones"", ""brand"": ""Sony""}"
1046,C046,2023-06-15 14:08:45,"['LG 4K Smart TV', 'Apple MacBook Pro']",Gaming,1854.84,5,0.13,PayPal,"123 Main St, New York, NY","{""title"": ""Gaming Consoles"", ""brand"": ""Apple""}"
1047,C047,2023-06-15 14:13:45,['Mouse'],Electronics,1167.35,5,0.1,PayPal,"987 Maple St, Miami, FL","{""title"": ""Televisions"", ""brand"": ""Samsung""}"
1048,C048,2023-06-15 14:18:45,['Samsung QLED TV'],Sports,338.0,1,0.15,Debit Card,"654 Cedar St, Austin, TX","{""title"": ""Laptops"", ""brand"": ""Nike""}"
1049,C049,2023-06-15 14:23:45,"['Soundbar', 'Sony PlayStation 5']",Electronics,348.65,2,0.07,Debit Card,"564 Oak St, Los Angeles, CA","{""title"": ""Televisions"", ""brand"": ""Sony""}"
1050,C050,2023-06-15 14:28:45,"['Logitech Mouse', 'Nike Air Zoom']",Gaming,1584.36,4,0.16,PayPal,"456 Elm St, San Francisco, CA","{""title"": ""Laptops"", ""brand"": ""Apple""}"
1051,C051,2023-06-15 14:33:45,"['AirPods Pro', 'FIFA 23']",Gaming,1586.02,1,0.17,Debit Card,"654 Cedar St, Austin, TX","{""title"": ""Gaming Consoles"", ""brand"": ""LG""}"
1052,C052,2023-06-15 14:38:45,['Logitech Mouse'],Electronics,866.54,3,0.15,Debit Card,"789 Oak St, Chicago, IL","{""title"": ""Athletic Shoes"", ""brand"": ""Samsung""}"
1053,C053,2023-06-15 14:43:45,"['Mouse', 'Watch 4']",Electronics,1157.69,3,0.18,PayPal,"789 Oak St, Chicago, IL","{""title"": ""Athletic Shoes"", ""brand"": ""Nike""}"
1054,C054,2023-06-15 14:48:45,['Apple iPhone 13'],Sports,1388.54,2,0.15,PayPal,"789 Oak St, Chicago, IL","{""title"": ""Smartphones"", ""brand"": ""Nike""}"
1055,C055,2023-06-15 14:53:45,"['AirPods Pro', 'Adidas Shorts']",Electronics,1436.85,3,0.1,PayPal,"456 Elm St, San Francisco, CA","{""title"": ""Athletic Shoes"", ""brand"": ""Dell""}"
1056,C056,2023-06-15 14:58:45,['FIFA 23'],Sports,1848.95,1,0.13,Credit Card,"987 Maple St, Miami, FL","{""title"": ""Athletic Shoes"", ""brand"": ""Sony""}"
1057,C057,2023-06-15 15:03:45,['FIFA 23'],Sports,759.85,5,0.19,Credit Card,"321 Pine St, Seattle, WA","{""title"": ""Smartphones"", ""brand"": ""Sony""}"
1058,C058,2023-06-15 15:08:45,"['Mouse', 'Apple iPhone 13']",Sports,472.49,5,0.17,Credit Card,"123 Main St, New York, NY","{""title"": ""Smartphones"", ""brand"": ""Sony""}"
1059,C059,2023-06-15 15:13:45,['Apple MacBook Pro'],Sports,830.76,4,0.14,PayPal,"123 Main St, New York, NY","{""title"": ""Athletic Shoes"", ""brand"": ""Samsung""}"
1060,C060,2023-06-15 15:18:45,['Mouse'],Sports,303.11,1,0.14,PayPal,"876 Elm St, Denver, CO","{""title"": ""Athletic Shoes"", ""brand"": ""Samsung""}"
1061,C061,2023-06-15 15:23:45,['Apple iPhone 13'],Electronics,1153.91,3,0.12,Debit Card,"876 Elm St, Denver, CO","{""title"": ""Gaming Consoles"", ""brand"": ""Samsung""}"
1062,C062,2023-06-15 15:28:45,['Apple iPhone 13'],Electronics,733.66,5,0.04,Credit Card,"456 Elm St, San Francisco, CA","{""title"": ""Gaming Consoles"", ""brand"": ""Nike""}"
1063,C063,2023-06-15 15:33:45,['Nike Air Zoom'],Gaming,238.29,1,0.01,PayPal,"123 Main St, New York, NY","{""title"": ""Laptops"", ""brand"": ""Apple""}"
1064,C064,2023-06-15 15:38:45,['Soundbar'],Electronics,1796.62,5,0.09,PayPal,"789 Oak St, Chicago, IL","{""title"": ""Televisions"", ""brand"": ""Sony""}"
1065,C065,2023-06-15 15:43:45,['Dell XPS 15'],Electronics,529.01,1,0.12,Debit Card,"876 Elm St, Denver, CO","{""title"": ""Gaming Consoles"", ""brand"": ""Sony""}"
1066,C066,2023-06-15 15:48:45,['FIFA 23'],Electronics,794.43,5,0.17,Debit Card,"789 Oak St, Chicago, IL","{""title"": ""Laptops"", ""brand"": ""Apple""}"
1067,C067,2023-06-15 15:53:45,['Apple iPhone 13'],Electronics,1836.86,2,0.13,PayPal,"654 Cedar St, Austin, TX","{""title"": ""Televisions"", ""brand"": ""Nike""}"
1068,C068,2023-06-15 15:58:45,['Watch 4'],Electronics,518.11,4,0.12,Debit Card,"456 Elm St, San Francisco, CA","{""title"": ""Smartphones"", ""brand"": ""LG""}"
1069,C069,2023-06-15 16:03:45,['Adidas Shorts'],Sports,988.31,1,0.06,Credit Card,"654 Cedar St, Austin, TX","{""title"": ""Laptops"", ""brand"": ""Nike""}"
1070,C070,2023-06-15 16:08:45,['Logitech Mouse'],Sports,1844.82,5,0.07,Credit Card,"987 Maple St, Miami, FL","{""title"": ""Smartphones"", ""brand"": ""Sony""}"
1071,C071,2023-06-15 16:13:45,['Adidas Shorts'],Sports,184.58,2,0.09,Credit Card,"789 Oak St, Chicago, IL","{""title"": ""Gaming Consoles"", ""brand"": ""LG""}"
1072,C072,2023-06-15 16:18:45,['Samsung QLED TV'],Electronics,542.12,3,0.15,PayPal,"876 Elm St, Denver, CO","{""title"": ""Athletic Shoes"", ""brand"": ""Nike""}"
1073,C073,2023-06-15 16:23:45,['LG 4K Smart TV'],Sports,587.96,1,0.17,Debit Card,"987 Maple St, Miami, FL","{""title"": ""Smartphones"", ""brand"": ""Apple""}"
1074,C074,2023-06-15 16:28:45,"['Soundbar', 'AirPods Pro']",Electronics,1076.84,5,0.03,Debit Card,"123 Main St, New York, NY","{""title"": ""Televisions"", ""brand"": ""Dell""}"
1075,C075,2023-06-15 16:33:45,"['AirPods Pro', 'Watch 4']",Gaming,1107.56,2,0.09,Credit Card,"987 Maple St, Miami, FL","{""title"": ""Televisions"", ""brand"": ""Sony""}"
1076,C076,2023-06-15 16:38:45,['Nike Air Zoom'],Sports,1227.86,2,0.05,Credit Card,"456 Elm St, San Francisco, CA","{""title"": ""Gaming Consoles"", ""brand"": ""Samsung""}"
1077,C077,2023-06-15 16:43:45,"['FIFA 23', 'Dell XPS 15']",Electronics,1570.21,2,0.08,PayPal,"456 Elm St, San Francisco, CA","{""title"": ""Smartphones"", ""brand"": ""Sony""}"
1078,C078,2023-06-15 16:48:45,['Apple iPhone 13'],Sports,1759.67,4,0.05,Debit Card,"456 Elm St, San Francisco, CA","{""title"": ""Athletic Shoes"", ""brand"": ""Samsung""}"
1079,C079,2023-06-15 16:53:45,"['Apple iPhone 13', 'Soundbar']",Sports,588.75,2,0.05,Debit Card,"654 Cedar St, Austin, TX","{""title"": ""Laptops"", ""brand"": ""Sony""}"
1080,C080,2023-06-15 16:58:45,['Adidas Shorts'],Gaming,1241.38,5,0.05,PayPal,"654 Cedar St, Austin, TX","{""title"": ""Gaming Consoles"", ""brand"": ""LG""}"
1081,C081,2023-06-15 17:03:45,"['Watch 4', 'Sony PlayStation 5']",Sports,1741.3,4,0.12,Debit Card,"987 Maple St, Miami, FL","{""title"": ""Televisions"", ""brand"": ""Nike""}"
1082,C082,2023-06-15 17:08:45,"['Samsung QLED TV', 'Adidas Shorts']",Electronics,812.01,3,0.19,Credit Card,"789 Oak St, Chicago, IL","{""title"": ""Gaming Consoles"", ""brand"": ""Apple""}"
1083,C083,2023-06-15 17:13:45,"['Mouse', 'Soundbar']",Sports,1270.9,2,0.07,Credit Card,"123 Main St, New York, NY","{""title"": ""Laptops"", ""brand"": ""Samsung""}"
1084,C084,2023-06-15 17:18:45,['Adidas Shorts'],Sports,1092.22,3,0.09,PayPal,"876 Elm St, Denver, CO","{""title"": ""Athletic Shoes"", ""brand"": ""Dell""}"
1085,C085,2023-06-15 17:23:45,['Apple MacBook Pro'],Electronics,1712.5,3,0.12,PayPal,"564 Oak St, Los Angeles, CA","{""title"": ""Athletic Shoes"", ""brand"": ""Sony""}"
1086,C086,2023-06-15 17:28:45,['Apple MacBook Pro'],Gaming,331.2,5,0.12,PayPal,"564 Oak St, Los Angeles, CA","{""title"": ""Smartphones"", ""brand"": ""Samsung""}"
1087,C087,2023-06-15 17:33:45,['Mouse'],Gaming,815.24,2,0.03,PayPal,"321 Pine St, Seattle, WA","{""title"": ""Laptops"", ""brand"": ""Nike""}"
1088,C088,2023-06-15 17:38:45,['FIFA 23'],Sports,1547.1,2,0.05,PayPal,"456 Elm St, San Francisco, CA","{""title"": ""Athletic Shoes"", ""brand"": ""LG""}"
1089,C089,2023-06-15 17:43:45,"['AirPods Pro', 'Soundbar']",Sports,1475.45,4,0.17,Credit Card,"564 Oak St, Los Angeles, CA","{""title"": ""Gaming Consoles"", ""brand"": ""Apple""}"
1090,C090,2023-06-15 17:48:45,"['Nike Air Zoom', 'Samsung Galaxy S21']",Gaming,1954.16,3,0.05,Credit Card,"654 Cedar St, Austin, TX","{""title"": ""Laptops"", ""brand"": ""Dell""}"
1091,C091,2023-06-15 17:53:45,['Logitech Mouse'],Electronics,894.27,2,0.03,Debit Card,"876 Elm St, Denver, CO","{""title"": ""Laptops"", ""brand"": ""Sony""}"
1092,C092,2023-06-15 17:58:45,"['Samsung QLED TV', 'Soundbar']",Sports,254.4,3,0.14,Credit Card,"564 Oak St, Los Angeles, CA","{""title"": ""Televisions"", ""brand"": ""Sony""}"
1093,C093,2023-06-15 18:03:45,"['Nike Air Zoom', 'FIFA 23']",Electronics,948.34,5,0.12,Credit Card,"876 Elm St, Denver, CO","{""title"": ""Laptops"", ""brand"": ""Samsung""}"
1094,C094,2023-06-15 18:08:45,"['Mouse', 'Nike Air Zoom']",Gaming,950.88,1,0.18,PayPal,"564 Oak St, Los Angeles, CA","{""title"": ""Athletic Shoes"", ""brand"": ""Apple""}"
1095,C095,2023-06-15 18:13:45,"['Samsung Galaxy S21', 'LG 4K Smart TV']",Electronics,380.74,1,0.09,Credit Card,"789 Oak St, Chicago, IL","{""title"": ""Laptops"", ""brand"": ""Nike""}"
1096,C096,2023-06-15 18:18:45,['Logitech Mouse'],Gaming,975.0,3,0.04,Debit Card,"564 Oak St, Los Angeles, CA","{""title"": ""Smartphones"", ""brand"": ""Dell""}"
1097,C097,2023-06-15 18:23:45,['FIFA 23'],Gaming,360.07,3,0.04,Credit Card,"321 Pine St, Seattle, WA","{""title"": ""Televisions"", ""brand"": ""Samsung""}"
1098,C098,2023-06-15 18:28:45,['LG 4K Smart TV'],Sports,1840.9,3,0.07,Debit Card,"564 Oak St, Los Angeles, CA","{""title"": ""Smartphones"", ""brand"": ""Apple""}"
1099,C099,2023-06-15 18:33:45,"['Samsung Galaxy S21', 'Watch 4']",Electronics,1735.95,1,0.05,Debit Card,"321 Pine St, Seattle, WA","{""title"": ""Laptops"", ""brand"": ""Samsung""}"
1100,C100,2023-06-15 18:38:45,"['FIFA 23', 'Soundbar']",Gaming,1535.57,1,0.16,Debit Card,"654 Cedar St, Austin, TX","{""title"": ""Athletic Shoes"", ""brand"": ""Nike""}"
1101,C101,2023-06-15 18:43:45,"['Nike Air Zoom', 'FIFA 23']",Electronics,269.41,5,0.11,Debit Card,"456 Elm St, San Francisco, CA","{""title"": ""Smartphones"", ""brand"": ""Dell""}"
1102,C102,2023-06-15 18:48:45,['Adidas Shorts'],Sports,768.15,1,0.18,Debit Card,"789 Oak St, Chicago, IL","{""title"": ""Televisions"", ""brand"": ""Sony""}"
1103,C103,2023-06-15 18:53:45,"['Dell XPS 15', 'Adidas Shorts']",Gaming,328.25,3,0.06,PayPal,"876 Elm St, Denver, CO","{""title"": ""Televisions"", ""brand"": ""Apple""}"
1104,C104,2023-06-15 18:58:45,"['Mouse', 'Nike Air Zoom']",Electronics,747.36,1,0.05,Debit Card,"987 Maple St, Miami, FL","{""title"": ""Televisions"", ""brand"": ""Apple""}"
1105,C105,2023-06-15 19:03:45,['Apple iPhone 13'],Sports,971.72,2,0.04,PayPal,"987 Maple St, Miami, FL","{""title"": ""Laptops"", ""brand"": ""Nike""}"
1106,C106,2023-06-15 19:08:45,['Adidas Shorts'],Gaming,1061.5,3,0.17,Credit Card,"654 Cedar St, Austin, TX","{""title"": ""Laptops"", ""brand"": ""LG""}"
1107,C107,2023-06-15 19:13:45,"['Samsung Galaxy S21', 'Watch 4']",Gaming,155.12,2,0.06,Credit Card,"876 Elm St, Denver, CO","{""title"": ""Athletic Shoes"", ""brand"": ""Samsung""}"
1108,C108,2023-06-15 19:18:45,['Nike Air Zoom'],Gaming,1760.42,5,0.0,PayPal,"987 Maple St, Miami, FL","{""title"": ""Gaming Consoles"", ""brand"": ""Samsung""}"
1109,C109,2023-06-15 19:23:45,"['Dell XPS 15', 'Adidas Shorts']",Gaming,552.38,5,0.04,Credit Card,"321 Pine St, Seattle, WA","{""title"": ""Smartphones"", ""brand"": ""Apple""}"
1110,C110,2023-06-15 19:28:45,"['Apple iPhone 13', 'Dell XPS 15']",Gaming,1460.74,3,0.04,Debit Card,"789 Oak St, Chicago, IL","{""title"": ""Televisions"", ""brand"": ""LG""}"
1111,C111,2023-06-15 19:33:45,"['Apple MacBook Pro', 'Nike Air Zoom']",Electronics,683.11,4,0.17,PayPal,"876 Elm St, Denver, CO","{""title"": ""Gaming Consoles"", ""brand"": ""Sony""}"
1112,C112,2023-06-15 19:38:45,['Samsung Galaxy S21'],Gaming,791.22,1,0.17,Debit Card,"789 Oak St, Chicago, IL","{""title"": ""Athletic Shoes"", ""brand"": ""Dell""}"
1113,C113,2023-06-15 19:43:45,"['AirPods Pro', 'Sony PlayStation 5']",Sports,130.85,4,0.09,Debit Card,"987 Maple St, Miami, FL","{""title"": ""Televisions"", ""brand"": ""Samsung""}"
1114,C114,2023-06-15 19:48:45,['Logitech Mouse'],Gaming,1125.3,5,0.05,PayPal,"321 Pine St, Seattle, WA","{""title"": ""Laptops"", ""brand"": ""Samsung""}"
1115,C115,2023-06-15 19:53:45,"['Samsung QLED TV', 'LG 4K Smart TV']",Sports,118.06,5,0.06,Debit Card,"876 Elm St, Denver, CO","{""title"": ""Televisions"", ""brand"": ""LG""}"
1116,C116,2023-06-15 19:58:45,['Samsung QLED TV'],Gaming,850.57,4,0.1,Credit Card,"789 Oak St, Chicago, IL","{""title"": ""Gaming Consoles"", ""brand"": ""Sony""}"
1117,C117,2023-06-15 20:03:45,['Logitech Mouse'],Electronics,781.57,1,0.16,Credit Card,"456 Elm St, San Francisco, CA","{""title"": ""Gaming Consoles"", ""brand"": ""Nike""}"
1118,C118,2023-06-15 20:08:45,"['Sony PlayStation 5', 'Mouse']",Sports,455.94,1,0.17,Debit Card,"876 Elm St, Denver, CO","{""title"": ""Smartphones"", ""brand"": ""Sony""}"
1119,C119,2023-06-15 20:13:45,"['Apple iPhone 13', 'Apple MacBook Pro']",Sports,311.62,5,0.15,PayPal,"987 Maple St, Miami, FL","{""title"": ""Gaming Consoles"", ""brand"": ""Apple""}"
1120,C120,2023-06-15 20:18:45,"['Watch 4', 'LG 4K Smart TV']",Sports,265.08,4,0.14,PayPal,"789 Oak St, Chicago, IL","{""title"": ""Televisions"", ""brand"": ""Sony""}"
1121,C121,2023-06-15 20:23:45,['Mouse'],Gaming,746.08,3,0.14,PayPal,"456 Elm St, San Francisco, CA","{""title"": ""Televisions"", ""brand"": ""Samsung""}"
1122,C122,2023-06-15 20:28:45,['Apple iPhone 13'],Sports,110.89,2,0.01,Debit Card,"987 Maple St, Miami, FL","{""title"": ""Smartphones"", ""brand"": ""Nike""}"
1123,C123,2023-06-15 20:33:45,"['Nike Air Zoom', 'Dell XPS 15']",Electronics,1174.56,3,0.18,Debit Card,"789 Oak St, Chicago, IL","{""title"": ""Televisions"", ""brand"": ""Apple""}"
1124,C124,2023-06-15 20:38:45,"['Apple iPhone 13', 'Watch 4']",Gaming,953.86,2,0.18,Debit Card,"654 Cedar St, Austin, TX","{""title"": ""Laptops"", ""brand"": ""LG""}"
1125,C125,2023-06-15 20:43:45,['Adidas Shorts'],Gaming,1301.69,4,0.07,PayPal,"987 Maple St, Miami, FL","{""title"": ""Televisions"", ""brand"": ""Nike""}"
1126,C126,2023-06-15 20:48:45,['Mouse'],Sports,1428.72,3,0.03,Credit Card,"456 Elm St, San Francisco, CA","{""title"": ""Laptops"", ""brand"": ""Sony""}"
1127,C127,2023-06-15 20:53:45,['Watch 4'],Electronics,201.76,1,0.05,Credit Card,"456 Elm St, San Francisco, CA","{""title"": ""Athletic Shoes"", ""brand"": ""LG""}"
1128,C128,2023-06-15 20:58:45,['Soundbar'],Gaming,879.58,1,0.14,Credit Card,"564 Oak St, Los Angeles, CA","{""title"": ""Smartphones"", ""brand"": ""Samsung""}"
1129,C129,2023-06-15 21:03:45,['Mouse'],Gaming,1466.11,1,0.09,PayPal,"987 Maple St, Miami, FL","{""title"": ""Smartphones"", ""brand"": ""Nike""}"
1130,C130,2023-06-15 21:08:45,"['Sony PlayStation 5', 'Adidas Shorts']",Gaming,319.69,3,0.11,PayPal,"987 Maple St, Miami, FL","{""title"": ""Laptops"", ""brand"": ""Sony""}"
1131,C131,2023-06-15 21:13:45,['AirPods Pro'],Electronics,348.29,1,0.08,Debit Card,"654 Cedar St, Austin, TX","{""title"": ""Televisions"", ""brand"": ""Nike""}"
1132,C132,2023-06-15 21:18:45,"['Mouse', 'Dell XPS 15']",Electronics,370.72,3,0.18,PayPal,"987 Maple St, Miami, FL","{""title"": ""Athletic Shoes"", ""brand"": ""Samsung""}"
1133,C133,2023-06-15 21:23:45,['Apple iPhone 13'],Gaming,107.96,3,0.07,PayPal,"123 Main St, New York, NY","{""title"": ""Televisions"", ""brand"": ""Sony""}"
1134,C134,2023-06-15 21:28:45,"['Samsung QLED TV', 'Logitech Mouse']",Sports,314.33,5,0.19,Debit Card,"321 Pine St, Seattle, WA","{""title"": ""Athletic Shoes"", ""brand"": ""Nike""}"
1135,C135,2023-06-15 21:33:45,['Mouse'],Electronics,1011.43,3,0.02,Debit Card,"654 Cedar St, Austin, TX","{""title"": ""Smartphones"", ""brand"": ""Dell""}"
1136,C136,2023-06-15 21:38:45,"['Samsung Galaxy S21', 'Nike Air Zoom']",Gaming,1804.72,1,0.02,Debit Card,"789 Oak St, Chicago, IL","{""title"": ""Gaming Consoles"", ""brand"": ""Apple""}"
1137,C137,2023-06-15 21:43:45,"['AirPods Pro', 'Mouse']",Sports,1265.53,2,0.19,Credit Card,"789 Oak St, Chicago, IL","{""title"": ""Smartphones"", ""brand"": ""Dell""}"
1138,C138,2023-06-15 21:48:45,['Sony PlayStation 5'],Sports,611.68,5,0.13,PayPal,"789 Oak St, Chicago, IL","{""title"": ""Athletic Shoes"", ""brand"": ""Sony""}"
1139,C139,2023-06-15 21:53:45,['Apple iPhone 13'],Sports,1596.79,2,0.1,PayPal,"876 Elm St, Denver, CO","{""title"": ""Athletic Shoes"", ""brand"": ""Dell""}"
1140,C140,2023-06-15 21:58:45,['Watch 4'],Sports,1384.18,3,0.0,PayPal,"321 Pine St, Seattle, WA","{""title"": ""Smartphones"", ""brand"": ""Sony""}"
1141,C141,2023-06-15 22:03:45,"['LG 4K Smart TV', 'FIFA 23']",Gaming,1615.0,5,0.13,Debit Card,"456 Elm St, San Francisco, CA","{""title"": ""Athletic Shoes"", ""brand"": ""Nike""}"
1142,C142,2023-06-15 22:08:45,"['Soundbar', 'Mouse']",Sports,1832.55,1,0.1,Credit Card,"654 Cedar St, Austin, TX","{""title"": ""Gaming Consoles"", ""brand"": ""Sony""}"
1143,C143,2023-06-15 22:13:45,['Mouse'],Electronics,1684.28,4,0.19,Debit Card,"456 Elm St, San Francisco, CA","{""title"": ""Athletic Shoes"", ""brand"": ""Sony""}"
1144,C144,2023-06-15 22:18:45,"['Adidas Shorts', 'Nike Air Zoom']",Sports,1558.17,4,0.16,PayPal,"123 Main St, New York, NY","{""title"": ""Laptops"", ""brand"": ""Samsung""}"
1145,C145,2023-06-15 22:23:45,"['Nike Air Zoom', 'Dell XPS 15']",Sports,560.45,3,0.2,Debit Card,"564 Oak St, Los Angeles, CA","{""title"": ""Smartphones"", ""brand"": ""Dell""}"
1146,C146,2023-06-15 22:28:45,"['Mouse', 'LG 4K Smart TV']",Gaming,358.72,5,0.18,PayPal,"456 Elm St, San Francisco, CA","{""title"": ""Televisions"", ""brand"": ""LG""}"
1147,C147,2023-06-15 22:33:45,['Watch 4'],Gaming,1274.55,2,0.05,Debit Card,"564 Oak St, Los Angeles, CA","{""title"": ""Athletic Shoes"", ""brand"": ""Dell""}"
1148,C148,2023-06-15 22:38:45,"['Soundbar', 'Sony PlayStation 5']",Gaming,1938.64,3,0.01,PayPal,"876 Elm St, Denver, CO","{""title"": ""Televisions"", ""brand"": ""Apple""}"
1149,C149,2023-06-15 22:43:45,['Samsung Galaxy S21'],Electronics,1089.61,3,0.02,Credit Card,"876 Elm St, Denver, CO","{""title"": ""Televisions"", ""brand"": ""Apple""}"
1150,C150,2023-06-15 22:48:45,['Sony PlayStation 5'],Electronics,331.93,5,0.19,PayPal,"789 Oak St, Chicago, IL","{""title"": ""Athletic Shoes"", ""brand"": ""Apple""}"
1151,C151,2023-06-15 22:53:45,"['FIFA 23', 'Apple MacBook Pro']",Sports,783.47,4,0.06,Debit Card,"789 Oak St, Chicago, IL","{""title"": ""Laptops"", ""brand"": ""Samsung""}"
1152,C152,2023-06-15 22:58:45,"['Adidas Shorts', 'AirPods Pro']",Gaming,1492.61,4,0.16,PayPal,"123 Main St, New York, NY","{""title"": ""Smartphones"", ""brand"": ""Samsung""}"
1153,C153,2023-06-15 23:03:45,"['Apple MacBook Pro', 'Soundbar']",Electronics,1133.18,1,0.17,PayPal,"456 Elm St, San Francisco, CA","{""title"": ""Smartphones"", ""brand"": ""Nike""}"
1154,C154,2023-06-15 23:08:45,['Apple iPhone 13'],Sports,507.35,4,0.14,Debit Card,"789 Oak St, Chicago, IL","{""title"": ""Televisions"", ""brand"": ""Sony""}"
1155,C155,2023-06-15 23:13:45,"['Samsung Galaxy S21', 'Samsung QLED TV']",Sports,1833.91,3,0.15,Debit Card,"456 Elm St, San Francisco, CA","{""title"": ""Gaming Consoles"", ""brand"": ""Nike""}"
1156,C156,2023-06-15 23:18:45,"['FIFA 23', 'Dell XPS 15']",Sports,788.2,2,0.12,Debit Card,"564 Oak St, Los Angeles, CA","{""title"": ""Athletic Shoes"", ""brand"": ""Samsung""}"
1157,C157,2023-06-15 23:23:45,['Sony PlayStation 5'],Sports,811.02,5,0.19,Debit Card,"456 Elm St, San Francisco, CA","{""title"": ""Televisions"", ""brand"": ""Apple""}"
1158,C158,2023-06-15 23:28:45,['Logitech Mouse'],Sports,968.98,1,0.12,PayPal,"654 Cedar St, Austin, TX","{""title"": ""Gaming Consoles"", ""brand"": ""Nike""}"
1159,C159,2023-06-15 23:33:45,['Samsung QLED TV'],Gaming,647.01,2,0.19,PayPal,"456 Elm St, San Francisco, CA","{""title"": ""Laptops"", ""brand"": ""Sony""}"
1160,C160,2023-06-15 23:38:45,['Sony PlayStation 5'],Electronics,849.7,4,0.18,Debit Card,"456 Elm St, San Francisco, CA","{""title"": ""Athletic Shoes"", ""brand"": ""Apple""}"
1161,C161,2023-06-15 23:43:45,['Mouse'],Electronics,842.28,4,0.06,PayPal,"321 Pine St, Seattle, WA","{""title"": ""Smartphones"", ""brand"": ""Dell""}"
1162,C162,2023-06-15 23:48:45,['Sony PlayStation 5'],Gaming,240.54,1,0.03,PayPal,"654 Cedar St, Austin, TX","{""title"": ""Athletic Shoes"", ""brand"": ""Nike""}"
1163,C163,2023-06-15 23:53:45,"['Mouse', 'FIFA 23']",Sports,1947.78,2,0.04,PayPal,"564 Oak St, Los Angeles, CA","{""title"": ""Laptops"", ""brand"": ""Samsung""}"
1164,C164,2023-06-15 23:58:45,"['Dell XPS 15', 'AirPods Pro']",Electronics,337.91,1,0.19,Debit Card,"789 Oak St, Chicago, IL","{""title"": ""Gaming Consoles"", ""brand"": ""Nike""}"
1165,C165,2023-06-16 00:03:45,['LG 4K Smart TV'],Sports,1187.81,3,0.03,Debit Card,"876 Elm St, Denver, CO","{""title"": ""Laptops"", ""brand"": ""Apple""}"
1166,C166,2023-06-16 00:08:45,"['Logitech Mouse', 'FIFA 23']",Electronics,1286.4,1,0.18,Credit Card,"654 Cedar St, Austin, TX","{""title"": ""Gaming Consoles"", ""brand"": ""Apple""}"
1167,C167,2023-06-16 00:13:45,"['AirPods Pro', 'Logitech Mouse']",Sports,1963.01,2,0.05,PayPal,"987 Maple St, Miami, FL","{""title"": ""Gaming Consoles"", ""brand"": ""LG""}"
1168,C168,2023-06-16 00:18:45,['Adidas Shorts'],Electronics,1768.9,2,0.16,Credit Card,"789 Oak St, Chicago, IL","{""title"": ""Smartphones"", ""brand"": ""Apple""}"
1169,C169,2023-06-16 00:23:45,"['Dell XPS 15', 'Apple iPhone 13']",Gaming,258.29,4,0.03,PayPal,"564 Oak St, Los Angeles, CA","{""title"": ""Athletic Shoes"", ""brand"": ""Apple""}"
1170,C170,2023-06-16 00:28:45,"['FIFA 23', 'Adidas Shorts']",Gaming,1569.6,1,0.12,PayPal,"654 Cedar St, Austin, TX","{""title"": ""Gaming Consoles"", ""brand"": ""Samsung""}"
1171,C171,2023-06-16 00:33:45,['Samsung QLED TV'],Gaming,1411.24,3,0.04,PayPal,"789 Oak St, Chicago, IL","{""title"": ""Laptops"", ""brand"": ""Sony""}"
1172,C172,2023-06-16 00:38:45,['Nike Air Zoom'],Sports,1211.78,5,0.03,PayPal,"789 Oak St, Chicago, IL","{""title"": ""Athletic Shoes"", ""brand"": ""LG""}"
1173,C173,2023-06-16 00:43:45,"['Apple MacBook Pro', 'Nike Air Zoom']",Gaming,1226.11,4,0.17,Credit Card,"456 Elm St, San Francisco, CA","{""title"": ""Athletic Shoes"", ""brand"": ""Nike""}"
1174,C174,2023-06-16 00:48:45,['AirPods Pro'],Gaming,1051.23,1,0.08,Debit Card,"321 Pine St, Seattle, WA","{""title"": ""Televisions"", ""brand"": ""Sony""}"
1175,C175,2023-06-16 00:53:45,['Watch 4'],Gaming,570.02,5,0.19,Credit Card,"987 Maple St, Miami, FL","{""title"": ""Laptops"", ""brand"": ""LG""}"
1176,C176,2023-06-16 00:58:45,['Apple iPhone 13'],Gaming,1477.24,2,0.04,PayPal,"876 Elm St, Denver, CO","{""title"": ""Televisions"", ""brand"": ""Apple""}"
1177,C177,2023-06-16 01:03:45,"['Apple iPhone 13', 'AirPods Pro']",Sports,378.84,4,0.12,Credit Card,"456 Elm St, San Francisco, CA","{""title"": ""Gaming Consoles"", ""brand"": ""Samsung""}"
1178,C178,2023-06-16 01:08:45,"['LG 4K Smart TV', 'Samsung QLED TV']",Gaming,216.49,3,0.07,PayPal,"987 Maple St, Miami, FL","{""title"": ""Gaming Consoles"", ""brand"": ""Samsung""}"
1179,C179,2023-06-16 01:13:45,"['Logitech Mouse', 'Samsung QLED TV']",Electronics,120.24,3,0.13,Credit Card,"564 Oak St, Los Angeles, CA","{""title"": ""Smartphones"", ""brand"": ""Samsung""}"
1180,C180,2023-06-16 01:18:45,['Dell XPS 15'],Electronics,275.03,4,0.14,Debit Card,"654 Cedar St, Austin, TX","{""title"": ""Smartphones"", ""brand"": ""Apple""}"
1181,C181,2023-06-16 01:23:45,['FIFA 23'],Electronics,756.22,4,0.15,PayPal,"876 Elm St, Denver, CO","{""title"": ""Televisions"", ""brand"": ""LG""}"
1182,C182,2023-06-16 01:28:45,['Sony PlayStation 5'],Sports,1458.8,4,0.15,Credit Card,"123 Main St, New York, NY","{""title"": ""Smartphones"", ""brand"": ""LG""}"
1183,C183,2023-06-16 01:33:45,['Dell XPS 15'],Electronics,670.79,1,0.02,Credit Card,"789 Oak St, Chicago, IL","{""title"": ""Televisions"", ""brand"": ""Dell""}"
1184,C184,2023-06-16 01:38:45,['FIFA 23'],Gaming,1368.15,2,0.14,PayPal,"987 Maple St, Miami, FL","{""title"": ""Laptops"", ""brand"": ""Nike""}"
1185,C185,2023-06-16 01:43:45,['AirPods Pro'],Electronics,769.73,5,0.12,Credit Card,"789 Oak St, Chicago, IL","{""title"": ""Laptops"", ""brand"": ""Dell""}"
1186,C186,2023-06-16 01:48:45,['Samsung QLED TV'],Gaming,1408.53,3,0.14,Credit Card,"876 Elm St, Denver, CO","{""title"": ""Smartphones"", ""brand"": ""Nike""}"
1187,C187,2023-06-16 01:53:45,"['Apple MacBook Pro', 'Nike Air Zoom']",Electronics,1349.76,2,0.06,Credit Card,"321 Pine St, Seattle, WA","{""title"": ""Televisions"", ""brand"": ""Nike""}"
1188,C188,2023-06-16 01:58:45,['AirPods Pro'],Sports,1633.57,2,0.12,Debit Card,"321 Pine St, Seattle, WA","{""title"": ""Televisions"", ""brand"": ""Nike""}"
1189,C189,2023-06-16 02:03:45,"['Dell XPS 15', 'Sony PlayStation 5']",Gaming,496.0,2,0.04,Credit Card,"456 Elm St, San Francisco, CA","{""title"": ""Athletic Shoes"", ""brand"": ""Nike""}"
1190,C190,2023-06-16 02:08:45,['Nike Air Zoom'],Sports,360.14,2,0.18,Credit Card,"789 Oak St, Chicago, IL","{""title"": ""Televisions"", ""brand"": ""Samsung""}"
1191,C191,2023-06-16 02:13:45,['Apple MacBook Pro'],Sports,1125.68,3,0.16,Debit Card,"876 Elm St, Denver, CO","{""title"": ""Gaming Consoles"", ""brand"": ""LG""}"
1192,C192,2023-06-16 02:18:45,['Soundbar'],Gaming,1794.62,2,0.15,Credit Card,"564 Oak St, Los Angeles, CA","{""title"": ""Athletic Shoes"", ""brand"": ""LG""}"
1193,C193,2023-06-16 02:23:45,['AirPods Pro'],Sports,1572.01,2,0.14,Credit Card,"456 Elm St, San Francisco, CA","{""title"": ""Athletic Shoes"", ""brand"": ""Nike""}"
1194,C194,2023-06-16 02:28:45,['Logitech Mouse'],Sports,1040.58,5,0.08,Debit Card,"987 Maple St, Miami, FL","{""title"": ""Laptops"", ""brand"": ""LG""}"
1195,C195,2023-06-16 02:33:45,"['FIFA 23', 'LG 4K Smart TV']",Electronics,1777.59,3,0.03,Debit Card,"321 Pine St, Seattle, WA","{""title"": ""Televisions"", ""brand"": ""Apple""}"
1196,C196,2023-06-16 02:38:45,['AirPods Pro'],Electronics,100.27,5,0.11,Debit Card,"456 Elm St, San Francisco, CA","{""title"": ""Laptops"", ""brand"": ""LG""}"
1197,C197,2023-06-16 02:43:45,"['Samsung Galaxy S21', 'Soundbar']",Sports,1304.26,1,0.1,PayPal,"987 Maple St, Miami, FL","{""title"": ""Televisions"", ""brand"": ""Samsung""}"
1198,C198,2023-06-16 02:48:45,"['Nike Air Zoom', 'Samsung QLED TV']",Gaming,375.29,2,0.19,Debit Card,"789 Oak St, Chicago, IL","{""title"": ""Laptops"", ""brand"": ""Sony""}"
1199,C199,2023-06-16 02:53:45,"['Samsung QLED TV', 'LG 4K Smart TV']",Gaming,1987.78,2,0.13,PayPal,"321 Pine St, Seattle, WA","{""title"": ""Televisions"", ""brand"": ""Nike""}"
1200,C200,2023-06-16 02:58:45,"['Nike Air Zoom', 'FIFA 23']",Electronics,847.36,4,0.09,Credit Card,"321 Pine St, Seattle, WA","{""title"": ""Athletic Shoes"", ""brand"": ""Nike""}"
1201,C201,2023-06-16 03:03:45,"['Logitech Mouse', 'Nike Air Zoom']",Sports,1338.26,2,0.13,PayPal,"987 Maple St, Miami, FL","{""title"": ""Smartphones"", ""brand"": ""Sony""}"
1202,C202,2023-06-16 03:08:45,['LG 4K Smart TV'],Electronics,904.46,2,0.09,PayPal,"876 Elm St, Denver, CO","{""title"": ""Televisions"", ""brand"": ""Nike""}"
1203,C203,2023-06-16 03:13:45,['Apple iPhone 13'],Electronics,1383.15,5,0.19,PayPal,"987 Maple St, Miami, FL","{""title"": ""Athletic Shoes"", ""brand"": ""Nike""}"
1204,C204,2023-06-16 03:18:45,"['Adidas Shorts', 'Samsung QLED TV']",Sports,565.05,2,0.13,PayPal,"876 Elm St, Denver, CO","{""title"": ""Televisions"", ""brand"": ""Sony""}"
1205,C205,2023-06-16 03:23:45,"['Mouse', 'FIFA 23']",Sports,1195.5,5,0.06,Debit Card,"654 Cedar St, Austin, TX","{""title"": ""Laptops"", ""brand"": ""Dell""}"
1206,C206,2023-06-16 03:28:45,['LG 4K Smart TV'],Electronics,1843.34,2,0.14,Credit Card,"654 Cedar St, Austin, TX","{""title"": ""Smartphones"", ""brand"": ""LG""}"
1207,C207,2023-06-16 03:33:45,['Mouse'],Sports,384.1,2,0.02,Credit Card,"123 Main St, New York, NY","{""title"": ""Athletic Shoes"", ""brand"": ""Sony""}"
1208,C208,2023-06-16 03:38:45,"['Soundbar', 'Apple MacBook Pro']",Electronics,909.88,5,0.1,PayPal,"789 Oak St, Chicago, IL","{""title"": ""Smartphones"", ""brand"": ""Nike""}"
1209,C209,2023-06-16 03:43:45,['Mouse'],Sports,154.62,3,0.07,Credit Card,"654 Cedar St, Austin, TX","{""title"": ""Laptops"", ""brand"": ""Sony""}"
1210,C210,2023-06-16 03:48:45,"['Soundbar', 'Sony PlayStation 5']",Sports,781.34,1,0.12,Credit Card,"321 Pine St, Seattle, WA","{""title"": ""Smartphones"", ""brand"": ""Apple""}"
1211,C211,2023-06-16 03:53:45,"['AirPods Pro', 'Apple MacBook Pro']",Sports,1614.57,4,0.06,Debit Card,"456 Elm St, San Francisco, CA","{""title"": ""Athletic Shoes"", ""brand"": ""LG""}"
1212,C212,2023-06-16 03:58:45,['LG 4K Smart TV'],Sports,1305.91,2,0.06,Credit Card,"654 Cedar St, Austin, TX","{""title"": ""Smartphones"", ""brand"": ""LG""}"
1213,C213,2023-06-16 04:03:45,['AirPods Pro'],Gaming,840.12,1,0.08,PayPal,"876 Elm St, Denver, CO","{""title"": ""Gaming Consoles"", ""brand"": ""LG""}"
1214,C214,2023-06-16 04:08:45,['Samsung Galaxy S21'],Gaming,504.54,4,0.04,Debit Card,"789 Oak St, Chicago, IL","{""title"": ""Smartphones"", ""brand"": ""Apple""}"
1215,C215,2023-06-16 04:13:45,['Sony PlayStation 5'],Gaming,1753.16,2,0.02,PayPal,"456 Elm St, San Francisco, CA","{""title"": ""Smartphones"", ""brand"": ""Sony""}"
1216,C216,2023-06-16 04:18:45,['Apple MacBook Pro'],Gaming,126.26,4,0.12,Debit Card,"123 Main St, New York, NY","{""title"": ""Laptops"", ""brand"": ""Apple""}"
1217,C217,2023-06-16 04:23:45,"['FIFA 23', 'Mouse']",Gaming,1259.01,5,0.13,PayPal,"876 Elm St, Denver, CO","{""title"": ""Televisions"", ""brand"": ""Nike""}"
1218,C218,2023-06-16 04:28:45,['Apple MacBook Pro'],Electronics,573.95,4,0.1,PayPal,"564 Oak St, Los Angeles, CA","{""title"": ""Smartphones"", ""brand"": ""Dell""}"
1219,C219,2023-06-16 04:33:45,['Mouse'],Gaming,1039.63,2,0.03,PayPal,"564 Oak St, Los Angeles, CA","{""title"": ""Gaming Consoles"", ""brand"": ""Sony""}"
1220,C220,2023-06-16 04:38:45,"['FIFA 23', 'LG 4K Smart TV']",Sports,1124.04,4,0.17,Credit Card,"987 Maple St, Miami, FL","{""title"": ""Televisions"", ""brand"": ""Sony""}"
1221,C221,2023-06-16 04:43:45,"['Samsung QLED TV', 'LG 4K Smart TV']",Gaming,818.48,5,0.18,Debit Card,"987 Maple St, Miami, FL","{""title"": ""Athletic Shoes"", ""brand"": ""Samsung""}"
1222,C222,2023-06-16 04:48:45,['Soundbar'],Gaming,567.35,5,0.03,PayPal,"321 Pine St, Seattle, WA","{""title"": ""Laptops"", ""brand"": ""LG""}"
1223,C223,2023-06-16 04:53:45,['Nike Air Zoom'],Sports,498.05,4,0.05,PayPal,"987 Maple St, Miami, FL","{""title"": ""Laptops"", ""brand"": ""Dell""}"
1224,C224,2023-06-16 04:58:45,['Adidas Shorts'],Sports,760.43,1,0.15,PayPal,"876 Elm St, Denver, CO","{""title"": ""Athletic Shoes"", ""brand"": ""Sony""}"
1225,C225,2023-06-16 05:03:45,"['Samsung QLED TV', 'Apple MacBook Pro']",Sports,639.78,2,0.04,Credit Card,"789 Oak St, Chicago, IL","{""title"": ""Smartphones"", ""brand"": ""LG""}"
1226,C226,2023-06-16 05:08:45,['Sony PlayStation 5'],Gaming,1237.27,1,0.16,Credit Card,"123 Main St, New York, NY","{""title"": ""Televisions"", ""brand"": ""LG""}"
1227,C227,2023-06-16 05:13:45,"['Mouse', 'Logitech Mouse']",Gaming,1837.77,5,0.15,Debit Card,"876 Elm St, Denver, CO","{""title"": ""Athletic Shoes"", ""brand"": ""Apple""}"
1228,C228,2023-06-16 05:18:45,"['Soundbar', 'Samsung QLED TV']",Electronics,941.0,1,0.05,Debit Card,"789 Oak St, Chicago, IL","{""title"": ""Athletic Shoes"", ""brand"": ""Nike""}"
1229,C229,2023-06-16 05:23:45,['Mouse'],Sports,1926.71,1,0.19,PayPal,"123 Main St, New York, NY","{""title"": ""Smartphones"", ""brand"": ""Samsung""}"
1230,C230,2023-06-16 05:28:45,['Nike Air Zoom'],Gaming,982.32,1,0.08,Credit Card,"456 Elm St, San Francisco, CA","{""title"": ""Laptops"", ""brand"": ""Dell""}"
1231,C231,2023-06-16 05:33:45,['Adidas Shorts'],Electronics,1153.93,2,0.01,PayPal,"123 Main St, New York, NY","{""title"": ""Athletic Shoes"", ""brand"": ""Sony""}"
1232,C232,2023-06-16 05:38:45,['Sony PlayStation 5'],Electronics,849.47,4,0.17,Debit Card,"789 Oak St, Chicago, IL","{""title"": ""Athletic Shoes"", ""brand"": ""LG""}"
1233,C233,2023-06-16 05:43:45,"['FIFA 23', 'AirPods Pro']",Sports,229.87,4,0.08,PayPal,"456 Elm St, San Francisco, CA","{""title"": ""Gaming Consoles"", ""brand"": ""Nike""}"
1234,C234,2023-06-16 05:48:45,"['Mouse', 'Sony PlayStation 5']",Electronics,990.47,3,0.14,Debit Card,"123 Main St, New York, NY","{""title"": ""Gaming Consoles"", ""brand"": ""LG""}"
1235,C235,2023-06-16 05:53:45,"['Apple MacBook Pro', 'Dell XPS 15']",Sports,1638.22,4,0.11,Credit Card,"987 Maple St, Miami, FL","{""title"": ""Laptops"", ""brand"": ""Dell""}"
1236,C236,2023-06-16 05:58:45,"['Apple MacBook Pro', 'Dell XPS 15']",Sports,628.55,3,0.15,PayPal,"654 Cedar St, Austin, TX","{""title"": ""Athletic Shoes"", ""brand"": ""Dell""}"
1237,C237,2023-06-16 06:03:45,['Samsung Galaxy S21'],Sports,750.95,4,0.14,Credit Card,"321 Pine St, Seattle, WA","{""title"": ""Smartphones"", ""brand"": ""Apple""}"
1238,C238,2023-06-16 06:08:45,['Watch 4'],Gaming,233.59,3,0.11,PayPal,"456 Elm St, San Francisco, CA","{""title"": ""Gaming Consoles"", ""brand"": ""LG""}"
1239,C239,2023-06-16 06:13:45,"['Adidas Shorts', 'Mouse']",Gaming,1333.95,1,0.13,Credit Card,"123 Main St, New York, NY","{""title"": ""Smartphones"", ""brand"": ""Sony""}"
1240,C240,2023-06-16 06:18:45,"['Apple iPhone 13', 'Samsung QLED TV']",Gaming,160.58,2,0.06,Credit Card,"321 Pine St, Seattle, WA","{""title"": ""Athletic Shoes"", ""brand"": ""Sony""}"
1241,C241,2023-06-16 06:23:45,"['Dell XPS 15', 'Samsung Galaxy S21']",Electronics,1347.81,5,0.09,Credit Card,"789 Oak St, Chicago, IL","{""title"": ""Athletic Shoes"", ""brand"": ""Apple""}"
1242,C242,2023-06-16 06:28:45,"['Samsung QLED TV', 'Mouse']",Sports,1193.67,2,0.15,PayPal,"987 Maple St, Miami, FL","{""title"": ""Laptops"", ""brand"": ""Nike""}"
1243,C243,2023-06-16 06:33:45,['Nike Air Zoom'],Gaming,437.08,2,0.2,Credit Card,"564 Oak St, Los Angeles, CA","{""title"": ""Athletic Shoes"", ""brand"": ""Samsung""}"
1244,C244,2023-06-16 06:38:45,['Apple MacBook Pro'],Sports,114.47,1,0.04,PayPal,"987 Maple St, Miami, FL","{""title"": ""Athletic Shoes"", ""brand"": ""Dell""}"
1245,C245,2023-06-16 06:43:45,"['Dell XPS 15', 'Apple iPhone 13']",Sports,838.49,1,0.04,PayPal,"564 Oak St, Los Angeles, CA","{""title"": ""Smartphones"", ""brand"": ""LG""}"
1246,C246,2023-06-16 06:48:45,"['Dell XPS 15', 'Logitech Mouse']",Electronics,1414.59,5,0.2,Credit Card,"321 Pine St, Seattle, WA","{""title"": ""Televisions"", ""brand"": ""Sony""}"
1247,C247,2023-06-16 06:53:45,['AirPods Pro'],Electronics,1223.36,1,0.02,Credit Card,"564 Oak St, Los Angeles, CA","{""title"": ""Athletic Shoes"", ""brand"": ""Sony""}"
1248,C248,2023-06-16 06:58:45,"['Apple MacBook Pro', 'Samsung Galaxy S21']",Gaming,1442.53,4,0.08,Credit Card,"123 Main St, New York, NY","{""title"": ""Televisions"", ""brand"": ""Nike""}"
1249,C249,2023-06-16 07:03:45,['Apple iPhone 13'],Sports,258.74,2,0.1,Debit Card,"321 Pine St, Seattle, WA","{""title"": ""Athletic Shoes"", ""brand"": ""Apple""}"
1250,C250,2023-06-16 07:08:45,['Nike Air Zoom'],Electronics,972.28,4,0.09,Credit Card,"123 Main St, New York, NY","{""title"": ""Athletic Shoes"", ""brand"": ""Apple""}"
1251,C251,2023-06-16 07:13:45,"['AirPods Pro', 'Adidas Shorts']",Sports,727.2,2,0.13,Credit Card,"876 Elm St, Denver, CO","{""title"": ""Laptops"", ""brand"": ""LG""}"
1252,C252,2023-06-16 07:18:45,"['Watch 4', 'Dell XPS 15']",Electronics,1571.05,5,0.01,Debit Card,"123 Main St, New York, NY","{""title"": ""Gaming Consoles"", ""brand"": ""Sony""}"
1253,C253,2023-06-16 07:23:45,"['AirPods Pro', 'Apple iPhone 13']",Sports,1751.54,5,0.05,Credit Card,"564 Oak St, Los Angeles, CA","{""title"": ""Televisions"", ""brand"": ""Sony""}"
1254,C254,2023-06-16 07:28:45,"['Soundbar', 'Nike Air Zoom']",Gaming,1387.19,3,0.02,PayPal,"789 Oak St, Chicago, IL","{""title"": ""Athletic Shoes"", ""brand"": ""Dell""}"
1255,C255,2023-06-16 07:33:45,"['Nike Air Zoom', 'AirPods Pro']",Sports,521.29,1,0.08,Debit Card,"321 Pine St, Seattle, WA","{""title"": ""Smartphones"", ""brand"": ""Dell""}"
1256,C256,2023-06-16 07:38:45,"['Apple MacBook Pro', 'Mouse']",Sports,1020.6,5,0.01,Credit Card,"456 Elm St, San Francisco, CA","{""title"": ""Gaming Consoles"", ""brand"": ""Samsung""}"
1257,C257,2023-06-16 07:43:45,['Samsung QLED TV'],Gaming,1969.26,2,0.17,Debit Card,"789 Oak St, Chicago, IL","{""title"": ""Athletic Shoes"", ""brand"": ""Samsung""}"
1258,C258,2023-06-16 07:48:45,"['Apple MacBook Pro', 'Sony PlayStation 5']",Electronics,585.19,3,0.04,Credit Card,"987 Maple St, Miami, FL","{""title"": ""Smartphones"", ""brand"": ""Nike""}"
1259,C259,2023-06-16 07:53:45,['LG 4K Smart TV'],Sports,67.5,3,0.04,Credit Card,"654 Cedar St, Austin, TX","{""title"": ""Smartphones"", ""brand"": ""Dell""}"
1260,C260,2023-06-16 07:58:45,['Apple iPhone 13'],Sports,741.99,3,0.1,Debit Card,"654 Cedar St, Austin, TX","{""title"": ""Laptops"", ""brand"": ""Dell""}"
1261,C261,2023-06-16 08:03:45,"['Logitech Mouse', 'FIFA 23']",Electronics,1912.07,3,0.04,Debit Card,"876 Elm St, Denver, CO","{""title"": ""Televisions"", ""brand"": ""Apple""}"
1262,C262,2023-06-16 08:08:45,['Logitech Mouse'],Sports,1856.71,5,0.17,Credit Card,"987 Maple St, Miami, FL","{""title"": ""Athletic Shoes"", ""brand"": ""Apple""}"
1263,C263,2023-06-16 08:13:45,"['Apple MacBook Pro', 'Nike Air Zoom']",Electronics,228.75,3,0.1,Credit Card,"564 Oak St, Los Angeles, CA","{""title"": ""Smartphones"", ""brand"": ""Dell""}"
1264,C264,2023-06-16 08:18:45,['Apple iPhone 13'],Gaming,644.29,2,0.12,Credit Card,"876 Elm St, Denver, CO","{""title"": ""Athletic Shoes"", ""brand"": ""Samsung""}"
1265,C265,2023-06-16 08:23:45,['Logitech Mouse'],Electronics,873.47,1,0.11,Debit Card,"987 Maple St, Miami, FL","{""title"": ""Gaming Consoles"", ""brand"": ""Dell""}"
1266,C266,2023-06-16 08:28:45,"['Samsung QLED TV', 'Apple iPhone 13']",Gaming,1490.98,4,0.1,Credit Card,"654 Cedar St, Austin, TX","{""title"": ""Smartphones"", ""brand"": ""Nike""}"
1267,C267,2023-06-16 08:33:45,['Watch 4'],Electronics,1928.97,2,0.12,Debit Card,"654 Cedar St, Austin, TX","{""title"": ""Laptops"", ""brand"": ""LG""}"
1268,C268,2023-06-16 08:38:45,['Apple MacBook Pro'],Sports,1728.43,5,0.12,Debit Card,"876 Elm St, Denver, CO","{""title"": ""Smartphones"", ""brand"": ""Sony""}"
1269,C269,2023-06-16 08:43:45,"['LG 4K Smart TV', 'Sony PlayStation 5']",Gaming,333.68,4,0.17,Credit Card,"987 Maple St, Miami, FL","{""title"": ""Smartphones"", ""brand"": ""Samsung""}"
1270,C270,2023-06-16 08:48:45,['Samsung Galaxy S21'],Electronics,611.41,3,0.18,Credit Card,"564 Oak St, Los Angeles, CA","{""title"": ""Smartphones"", ""brand"": ""Apple""}"
1271,C271,2023-06-16 08:53:45,"['Samsung QLED TV', 'Soundbar']",Sports,438.66,4,0.13,Credit Card,"987 Maple St, Miami, FL","{""title"": ""Athletic Shoes"", ""brand"": ""Dell""}"
1272,C272,2023-06-16 08:58:45,"['Samsung QLED TV', 'AirPods Pro']",Sports,1563.68,3,0.09,PayPal,"564 Oak St, Los Angeles, CA","{""title"": ""Televisions"", ""brand"": ""Nike""}"
1273,C273,2023-06-16 09:03:45,['Dell XPS 15'],Gaming,1337.01,4,0.13,PayPal,"654 Cedar St, Austin, TX","{""title"": ""Televisions"", ""brand"": ""Sony""}"
1274,C274,2023-06-16 09:08:45,['AirPods Pro'],Sports,1574.06,2,0.16,Credit Card,"123 Main St, New York, NY","{""title"": ""Smartphones"", ""brand"": ""Sony""}"
1275,C275,2023-06-16 09:13:45,"['Apple MacBook Pro', 'Samsung Galaxy S21']",Sports,601.65,4,0.07,Credit Card,"321 Pine St, Seattle, WA","{""title"": ""Laptops"", ""brand"": ""LG""}"
1276,C276,2023-06-16 09:18:45,['Apple MacBook Pro'],Electronics,1244.21,3,0.2,PayPal,"876 Elm St, Denver, CO","{""title"": ""Athletic Shoes"", ""brand"": ""Sony""}"
1277,C277,2023-06-16 09:23:45,"['Dell XPS 15', 'Nike Air Zoom']",Electronics,1670.75,3,0.16,Debit Card,"654 Cedar St, Austin, TX","{""title"": ""Athletic Shoes"", ""brand"": ""Samsung""}"
1278,C278,2023-06-16 09:28:45,"['Apple iPhone 13', 'Logitech Mouse']",Electronics,282.95,3,0.14,PayPal,"564 Oak St, Los Angeles, CA","{""title"": ""Smartphones"", ""brand"": ""Nike""}"
1279,C279,2023-06-16 09:33:45,"['Adidas Shorts', 'Sony PlayStation 5']",Gaming,742.37,5,0.01,Debit Card,"564 Oak St, Los Angeles, CA","{""title"": ""Televisions"", ""brand"": ""Samsung""}"
1280,C280,2023-06-16 09:38:45,['FIFA 23'],Electronics,1743.87,4,0.04,Debit Card,"789 Oak St, Chicago, IL","{""title"": ""Laptops"", ""brand"": ""LG""}"
1281,C281,2023-06-16 09:43:45,['AirPods Pro'],Gaming,495.86,4,0.04,Credit Card,"789 Oak St, Chicago, IL","{""title"": ""Smartphones"", ""brand"": ""Nike""}"
1282,C282,2023-06-16 09:48:45,"['Adidas Shorts', 'Apple iPhone 13']",Sports,1433.14,5,0.14,Debit Card,"876 Elm St, Denver, CO","{""title"": ""Laptops"", ""brand"": ""Sony""}"
1283,C283,2023-06-16 09:53:45,"['FIFA 23', 'Samsung Galaxy S21']",Gaming,1282.71,4,0.17,Credit Card,"321 Pine St, Seattle, WA","{""title"": ""Smartphones"", ""brand"": ""LG""}"
1284,C284,2023-06-16 09:58:45,['Mouse'],Gaming,749.56,5,0.03,Credit Card,"789 Oak St, Chicago, IL","{""title"": ""Gaming Consoles"", ""brand"": ""Nike""}"
1285,C285,2023-06-16 10:03:45,['Mouse'],Gaming,590.95,3,0.09,PayPal,"321 Pine St, Seattle, WA","{""title"": ""Smartphones"", ""brand"": ""LG""}"
1286,C286,2023-06-16 10:08:45,"['AirPods Pro', 'Soundbar']",Gaming,1946.76,5,0.02,Debit Card,"456 Elm St, San Francisco, CA","{""title"": ""Gaming Consoles"", ""brand"": ""Apple""}"
1287,C287,2023-06-16 10:13:45,['Watch 4'],Gaming,1546.28,2,0.06,PayPal,"654 Cedar St, Austin, TX","{""title"": ""Televisions"", ""brand"": ""Sony""}"
1288,C288,2023-06-16 10:18:45,['Watch 4'],Sports,1443.02,2,0.13,Debit Card,"789 Oak St, Chicago, IL","{""title"": ""Gaming Consoles"", ""brand"": ""Nike""}"
1289,C289,2023-06-16 10:23:45,['Adidas Shorts'],Gaming,602.06,4,0.08,Credit Card,"789 Oak St, Chicago, IL","{""title"": ""Gaming Consoles"", ""brand"": ""LG""}"
1290,C290,2023-06-16 10:28:45,['Sony PlayStation 5'],Electronics,255.31,2,0.15,Credit Card,"876 Elm St, Denver, CO","{""title"": ""Laptops"", ""brand"": ""LG""}"
1291,C291,2023-06-16 10:33:45,"['Adidas Shorts', 'Apple iPhone 13']",Gaming,1812.02,3,0.19,Debit Card,"456 Elm St, San Francisco, CA","{""title"": ""Laptops"", ""brand"": ""Dell""}"
1292,C292,2023-06-16 10:38:45,['Mouse'],Electronics,285.22,5,0.18,Debit Card,"876 Elm St, Denver, CO","{""title"": ""Gaming Consoles"", ""brand"": ""Dell""}"
1293,C293,2023-06-16 10:43:45,['Samsung Galaxy S21'],Gaming,350.82,2,0.06,Credit Card,"321 Pine St, Seattle, WA","{""title"": ""Athletic Shoes"", ""brand"": ""Samsung""}"
1294,C294,2023-06-16 10:48:45,"['AirPods Pro', 'Logitech Mouse']",Electronics,1869.12,5,0.13,Debit Card,"564 Oak St, Los Angeles, CA","{""title"": ""Smartphones"", ""brand"": ""Sony""}"
1295,C295,2023-06-16 10:53:45,"['Adidas Shorts', 'Sony PlayStation 5']",Gaming,1499.48,2,0.12,Debit Card,"789 Oak St, Chicago, IL","{""title"": ""Athletic Shoes"", ""brand"": ""Nike""}"
1296,C296,2023-06-16 10:58:45,['Apple iPhone 13'],Electronics,1862.82,5,0.17,Credit Card,"456 Elm St, San Francisco, CA","{""title"": ""Athletic Shoes"", ""brand"": ""Nike""}"
1297,C297,2023-06-16 11:03:45,['FIFA 23'],Gaming,709.29,5,0.07,Credit Card,"123 Main St, New York, NY","{""title"": ""Athletic Shoes"", ""brand"": ""Samsung""}"
1298,C298,2023-06-16 11:08:45,"['Logitech Mouse', 'Sony PlayStation 5']",Gaming,495.96,5,0.12,Debit Card,"123 Main St, New York, NY","{""title"": ""Laptops"", ""brand"": ""Apple""}"
1299,C299,2023-06-16 11:13:45,"['Samsung QLED TV', 'LG 4K Smart TV']",Gaming,1378.16,5,0.02,PayPal,"456 Elm St, San Francisco, CA","{""title"": ""Smartphones"", ""brand"": ""Nike""}"
1300,C300,2023-06-16 11:18:45,"['Samsung Galaxy S21', 'Soundbar']",Sports,1951.86,4,0.17,PayPal,"456 Elm St, San Francisco, CA","{""title"": ""Smartphones"", ""brand"": ""Samsung""}"
1301,C301,2023-06-16 11:23:45,['AirPods Pro'],Sports,956.4,3,0.08,Debit Card,"789 Oak St, Chicago, IL","{""title"": ""Televisions"", ""brand"": ""Sony""}"
1302,C302,2023-06-16 11:28:45,"['Samsung Galaxy S21', 'Dell XPS 15']",Sports,950.46,3,0.18,PayPal,"789 Oak St, Chicago, IL","{""title"": ""Televisions"", ""brand"": ""Samsung""}"
1303,C303,2023-06-16 11:33:45,['Samsung Galaxy S21'],Gaming,1874.73,4,0.17,Debit Card,"321 Pine St, Seattle, WA","{""title"": ""Smartphones"", ""brand"": ""Apple""}"
1304,C304,2023-06-16 11:38:45,['FIFA 23'],Sports,1997.79,3,0.1,Debit Card,"987 Maple St, Miami, FL","{""title"": ""Televisions"", ""brand"": ""Samsung""}"
1305,C305,2023-06-16 11:43:45,['Watch 4'],Electronics,1665.57,4,0.03,Debit Card,"987 Maple St, Miami, FL","{""title"": ""Televisions"", ""brand"": ""Samsung""}"
1306,C306,2023-06-16 11:48:45,['Sony PlayStation 5'],Sports,480.28,5,0.17,Debit Card,"456 Elm St, San Francisco, CA","{""title"": ""Smartphones"", ""brand"": ""Samsung""}"
1307,C307,2023-06-16 11:53:45,"['Dell XPS 15', 'Nike Air Zoom']",Gaming,828.61,1,0.07,PayPal,"456 Elm St, San Francisco, CA","{""title"": ""Gaming Consoles"", ""brand"": ""LG""}"
1308,C308,2023-06-16 11:58:45,['Mouse'],Gaming,656.85,2,0.14,PayPal,"564 Oak St, Los Angeles, CA","{""title"": ""Gaming Consoles"", ""brand"": ""Dell""}"
1309,C309,2023-06-16 12:03:45,['Soundbar'],Sports,503.68,3,0.02,Credit Card,"876 Elm St, Denver, CO","{""title"": ""Laptops"", ""brand"": ""Apple""}"
1310,C310,2023-06-16 12:08:45,['Dell XPS 15'],Electronics,1059.94,4,0.06,Debit Card,"789 Oak St, Chicago, IL","{""title"": ""Athletic Shoes"", ""brand"": ""Sony""}"
1311,C311,2023-06-16 12:13:45,['Adidas Shorts'],Sports,53.2,1,0.14,Debit Card,"987 Maple St, Miami, FL","{""title"": ""Athletic Shoes"", ""brand"": ""LG""}"
1312,C312,2023-06-16 12:18:45,['Samsung Galaxy S21'],Sports,969.94,1,0.02,Credit Card,"321 Pine St, Seattle, WA","{""title"": ""Smartphones"", ""brand"": ""Samsung""}"
1313,C313,2023-06-16 12:23:45,"['Sony PlayStation 5', 'LG 4K Smart TV']",Gaming,818.82,2,0.18,Credit Card,"321 Pine St, Seattle, WA","{""title"": ""Televisions"", ""brand"": ""Apple""}"
1314,C314,2023-06-16 12:28:45,"['Adidas Shorts', 'Samsung Galaxy S21']",Gaming,1902.11,5,0.17,Debit Card,"876 Elm St, Denver, CO","{""title"": ""Athletic Shoes"", ""brand"": ""Sony""}"
1315,C315,2023-06-16 12:33:45,"['Sony PlayStation 5', 'Nike Air Zoom']",Electronics,1650.49,1,0.04,PayPal,"654 Cedar St, Austin, TX","{""title"": ""Athletic Shoes"", ""brand"": ""Apple""}"
1316,C316,2023-06-16 12:38:45,"['AirPods Pro', 'Watch 4']",Gaming,891.13,3,0.06,PayPal,"456 Elm St, San Francisco, CA","{""title"": ""Televisions"", ""brand"": ""Nike""}"
1317,C317,2023-06-16 12:43:45,"['Nike Air Zoom', 'FIFA 23']",Gaming,144.83,1,0.14,Debit Card,"789 Oak St, Chicago, IL","{""title"": ""Athletic Shoes"", ""brand"": ""Sony""}"
1318,C318,2023-06-16 12:48:45,['Dell XPS 15'],Sports,1554.16,2,0.13,PayPal,"564 Oak St, Los Angeles, CA","{""title"": ""Smartphones"", ""brand"": ""Dell""}"
1319,C319,2023-06-16 12:53:45,"['Apple iPhone 13', 'Dell XPS 15']",Electronics,842.68,2,0.15,PayPal,"456 Elm St, San Francisco, CA","{""title"": ""Gaming Consoles"", ""brand"": ""Sony""}"
1320,C320,2023-06-16 12:58:45,"['Logitech Mouse', 'Watch 4']",Electronics,563.75,5,0.08,Debit Card,"321 Pine St, Seattle, WA","{""title"": ""Televisions"", ""brand"": ""Sony""}"
1321,C321,2023-06-16 13:03:45,"['Sony PlayStation 5', 'Logitech Mouse']",Electronics,1464.59,2,0.03,PayPal,"789 Oak St, Chicago, IL","{""title"": ""Gaming Consoles"", ""brand"": ""Samsung""}"
1322,C322,2023-06-16 13:08:45,['Samsung Galaxy S21'],Sports,398.21,3,0.02,Credit Card,"789 Oak St, Chicago, IL","{""title"": ""Televisions"", ""brand"": ""Samsung""}"
1323,C323,2023-06-16 13:13:45,['Sony PlayStation 5'],Gaming,402.61,5,0.13,Credit Card,"654 Cedar St, Austin, TX","{""title"": ""Televisions"", ""brand"": ""Samsung""}"
1324,C324,2023-06-16 13:18:45,['LG 4K Smart TV'],Gaming,1412.36,3,0.03,Credit Card,"654 Cedar St, Austin, TX","{""title"": ""Televisions"", ""brand"": ""Apple""}"
1325,C325,2023-06-16 13:23:45,['Apple MacBook Pro'],Electronics,105.11,1,0.04,Credit Card,"987 Maple St, Miami, FL","{""title"": ""Athletic Shoes"", ""brand"": ""LG""}"
1326,C326,2023-06-16 13:28:45,"['Samsung QLED TV', 'Dell XPS 15']",Electronics,1908.13,1,0.12,PayPal,"789 Oak St, Chicago, IL","{""title"": ""Televisions"", ""brand"": ""LG""}"
1327,C327,2023-06-16 13:33:45,['Apple MacBook Pro'],Electronics,65.78,1,0.07,Debit Card,"876 Elm St, Denver, CO","{""title"": ""Televisions"", ""brand"": ""Apple""}"
1328,C328,2023-06-16 13:38:45,"['Dell XPS 15', 'Samsung Galaxy S21']",Sports,1092.43,5,0.12,Debit Card,"987 Maple St, Miami, FL","{""title"": ""Televisions"", ""brand"": ""Samsung""}"
1329,C329,2023-06-16 13:43:45,['Logitech Mouse'],Electronics,302.83,2,0.18,Debit Card,"456 Elm St, San Francisco, CA","{""title"": ""Athletic Shoes"", ""brand"": ""Sony""}"
1330,C330,2023-06-16 13:48:45,"['Samsung QLED TV', 'LG 4K Smart TV']",Sports,1651.94,3,0.09,Credit Card,"456 Elm St, San Francisco, CA","{""title"": ""Laptops"", ""brand"": ""Sony""}"
1331,C331,2023-06-16 13:53:45,['FIFA 23'],Sports,1231.46,2,0.15,Debit Card,"564 Oak St, Los Angeles, CA","{""title"": ""Laptops"", ""brand"": ""Samsung""}"
1332,C332,2023-06-16 13:58:45,"['Nike Air Zoom', 'Samsung QLED TV']",Gaming,1829.34,4,0.02,Credit Card,"123 Main St, New York, NY","{""title"": ""Laptops"", ""brand"": ""Dell""}"
1333,C333,2023-06-16 14:03:45,['Logitech Mouse'],Electronics,209.05,4,0.03,Credit Card,"123 Main St, New York, NY","{""title"": ""Athletic Shoes"", ""brand"": ""Apple""}"
1334,C334,2023-06-16 14:08:45,['Sony PlayStation 5'],Gaming,958.88,3,0.09,Credit Card,"321 Pine St, Seattle, WA","{""title"": ""Athletic Shoes"", ""brand"": ""Samsung""}"
1335,C335,2023-06-16 14:13:45,['Mouse'],Electronics,1703.14,3,0.17,PayPal,"987 Maple St, Miami, FL","{""title"": ""Athletic Shoes"", ""brand"": ""Samsung""}"
1336,C336,2023-06-16 14:18:45,"['Soundbar', 'Logitech Mouse']",Gaming,1064.43,1,0.08,Debit Card,"564 Oak St, Los Angeles, CA","{""title"": ""Athletic Shoes"", ""brand"": ""Dell""}"
1337,C337,2023-06-16 14:23:45,['Watch 4'],Gaming,1261.72,5,0.04,PayPal,"321 Pine St, Seattle, WA","{""title"": ""Smartphones"", ""brand"": ""Sony""}"
1338,C338,2023-06-16 14:28:45,"['AirPods Pro', 'Apple MacBook Pro']",Electronics,859.65,4,0.01,Debit Card,"987 Maple St, Miami, FL","{""title"": ""Athletic Shoes"", ""brand"": ""Sony""}"
1339,C339,2023-06-16 14:33:45,"['LG 4K Smart TV', 'Soundbar']",Sports,1097.02,1,0.15,Credit Card,"564 Oak St, Los Angeles, CA","{""title"": ""Athletic Shoes"", ""brand"": ""Samsung""}"
1340,C340,2023-06-16 14:38:45,['Dell XPS 15'],Gaming,1855.66,1,0.11,PayPal,"456 Elm St, San Francisco, CA","{""title"": ""Laptops"", ""brand"": ""Samsung""}"
1341,C341,2023-06-16 14:43:45,"['AirPods Pro', 'Nike Air Zoom']",Gaming,492.55,2,0.14,PayPal,"987 Maple St, Miami, FL","{""title"": ""Gaming Consoles"", ""brand"": ""Samsung""}"
1342,C342,2023-06-16 14:48:45,"['Apple MacBook Pro', 'Watch 4']",Sports,860.08,1,0.13,Credit Card,"456 Elm St, San Francisco, CA","{""title"": ""Televisions"", ""brand"": ""Dell""}"
1343,C343,2023-06-16 14:53:45,"['Sony PlayStation 5', 'Nike Air Zoom']",Electronics,975.64,5,0.02,Credit Card,"876 Elm St, Denver, CO","{""title"": ""Televisions"", ""brand"": ""Dell""}"
1344,C344,2023-06-16 14:58:45,['AirPods Pro'],Sports,50.72,5,0.1,Credit Card,"876 Elm St, Denver, CO","{""title"": ""Televisions"", ""brand"": ""Nike""}"
1345,C345,2023-06-16 15:03:45,"['Samsung QLED TV', 'Nike Air Zoom']",Electronics,459.7,3,0.1,Debit Card,"654 Cedar St, Austin, TX","{""title"": ""Gaming Consoles"", ""brand"": ""Apple""}"
1346,C346,2023-06-16 15:08:45,['Apple iPhone 13'],Gaming,1953.33,3,0.01,PayPal,"321 Pine St, Seattle, WA","{""title"": ""Athletic Shoes"", ""brand"": ""Samsung""}"
1347,C347,2023-06-16 15:13:45,"['Dell XPS 15', 'LG 4K Smart TV']",Gaming,130.33,2,0.14,Debit Card,"564 Oak St, Los Angeles, CA","{""title"": ""Smartphones"", ""brand"": ""Dell""}"
1348,C348,2023-06-16 15:18:45,"['Logitech Mouse', 'AirPods Pro']",Sports,1911.35,4,0.16,PayPal,"123 Main St, New York, NY","{""title"": ""Laptops"", ""brand"": ""LG""}"
1349,C349,2023-06-16 15:23:45,"['FIFA 23', 'Sony PlayStation 5']",Electronics,105.68,2,0.02,Credit Card,"987 Maple St, Miami, FL","{""title"": ""Smartphones"", ""brand"": ""Apple""}"
1350,C350,2023-06-16 15:28:45,['Soundbar'],Electronics,726.78,3,0.16,Debit Card,"987 Maple St, Miami, FL","{""title"": ""Laptops"", ""brand"": ""Sony""}"
1351,C351,2023-06-16 15:33:45,['Apple iPhone 13'],Electronics,766.56,2,0.15,Credit Card,"789 Oak St, Chicago, IL","{""title"": ""Televisions"", ""brand"": ""Nike""}"
1352,C352,2023-06-16 15:38:45,['Apple MacBook Pro'],Electronics,707.78,2,0.05,Debit Card,"456 Elm St, San Francisco, CA","{""title"": ""Gaming Consoles"", ""brand"": ""Dell""}"
1353,C353,2023-06-16 15:43:45,"['Sony PlayStation 5', 'LG 4K Smart TV']",Gaming,935.13,4,0.11,PayPal,"654 Cedar St, Austin, TX","{""title"": ""Smartphones"", ""brand"": ""Nike""}"
1354,C354,2023-06-16 15:48:45,"['AirPods Pro', 'LG 4K Smart TV']",Sports,312.04,2,0.08,Credit Card,"876 Elm St, Denver, CO","{""title"": ""Televisions"", ""brand"": ""Samsung""}"
1355,C355,2023-06-16 15:53:45,['Samsung QLED TV'],Sports,1058.21,5,0.05,Debit Card,"123 Main St, New York, NY","{""title"": ""Laptops"", ""brand"": ""LG""}"
1356,C356,2023-06-16 15:58:45,['AirPods Pro'],Sports,540.85,5,0.02,PayPal,"789 Oak St, Chicago, IL","{""title"": ""Laptops"", ""brand"": ""Dell""}"
1357,C357,2023-06-16 16:03:45,"['Mouse', 'Sony PlayStation 5']",Sports,251.35,5,0.16,PayPal,"789 Oak St, Chicago, IL","{""title"": ""Televisions"", ""brand"": ""Dell""}"
1358,C358,2023-06-16 16:08:45,"['LG 4K Smart TV', 'Samsung Galaxy S21']",Electronics,251.8,4,0.19,Credit Card,"987 Maple St, Miami, FL","{""title"": ""Laptops"", ""brand"": ""Dell""}"
1359,C359,2023-06-16 16:13:45,['LG 4K Smart TV'],Sports,97.06,5,0.16,Debit Card,"876 Elm St, Denver, CO","{""title"": ""Smartphones"", ""brand"": ""Sony""}"
1360,C360,2023-06-16 16:18:45,['Dell XPS 15'],Sports,326.7,2,0.03,Credit Card,"456 Elm St, San Francisco, CA","{""title"": ""Gaming Consoles"", ""brand"": ""Samsung""}"
1361,C361,2023-06-16 16:23:45,"['Adidas Shorts', 'Apple MacBook Pro']",Electronics,1555.62,1,0.1,Debit Card,"564 Oak St, Los Angeles, CA","{""title"": ""Athletic Shoes"", ""brand"": ""Apple""}"
1362,C362,2023-06-16 16:28:45,"['Sony PlayStation 5', 'Logitech Mouse']",Sports,315.01,1,0.19,Debit Card,"654 Cedar St, Austin, TX","{""title"": ""Televisions"", ""brand"": ""LG""}"
1363,C363,2023-06-16 16:33:45,"['Soundbar', 'Nike Air Zoom']",Sports,453.82,4,0.05,Debit Card,"876 Elm St, Denver, CO","{""title"": ""Laptops"", ""brand"": ""Samsung""}"
1364,C364,2023-06-16 16:38:45,['Samsung Galaxy S21'],Sports,1952.95,5,0.05,Credit Card,"654 Cedar St, Austin, TX","{""title"": ""Televisions"", ""brand"": ""Dell""}"
1365,C365,2023-06-16 16:43:45,['Adidas Shorts'],Sports,673.1,1,0.14,PayPal,"123 Main St, New York, NY","{""title"": ""Gaming Consoles"", ""brand"": ""Nike""}"
1366,C366,2023-06-16 16:48:45,['Dell XPS 15'],Sports,871.29,2,0.13,PayPal,"564 Oak St, Los Angeles, CA","{""title"": ""Gaming Consoles"", ""brand"": ""Sony""}"
1367,C367,2023-06-16 16:53:45,"['Soundbar', 'Logitech Mouse']",Gaming,1025.72,5,0.17,Credit Card,"123 Main St, New York, NY","{""title"": ""Smartphones"", ""brand"": ""Dell""}"
1368,C368,2023-06-16 16:58:45,['LG 4K Smart TV'],Electronics,1141.22,1,0.17,PayPal,"876 Elm St, Denver, CO","{""title"": ""Athletic Shoes"", ""brand"": ""Dell""}"
1369,C369,2023-06-16 17:03:45,"['FIFA 23', 'Nike Air Zoom']",Gaming,1401.6,4,0.19,PayPal,"456 Elm St, San Francisco, CA","{""title"": ""Athletic Shoes"", ""brand"": ""LG""}"
1370,C370,2023-06-16 17:08:45,"['Adidas Shorts', 'Dell XPS 15']",Sports,975.49,3,0.17,Debit Card,"789 Oak St, Chicago, IL","{""title"": ""Gaming Consoles"", ""brand"": ""Sony""}"
1371,C371,2023-06-16 17:13:45,['Logitech Mouse'],Electronics,1042.54,3,0.16,PayPal,"654 Cedar St, Austin, TX","{""title"": ""Televisions"", ""brand"": ""Apple""}"
1372,C372,2023-06-16 17:18:45,"['Adidas Shorts', 'LG 4K Smart TV']",Electronics,923.0,5,0.12,Credit Card,"987 Maple St, Miami, FL","{""title"": ""Laptops"", ""brand"": ""Nike""}"
1373,C373,2023-06-16 17:23:45,"['Logitech Mouse', 'Nike Air Zoom']",Sports,398.42,2,0.04,Debit Card,"654 Cedar St, Austin, TX","{""title"": ""Gaming Consoles"", ""brand"": ""Sony""}"
1374,C374,2023-06-16 17:28:45,['Logitech Mouse'],Electronics,1118.16,1,0.02,PayPal,"789 Oak St, Chicago, IL","{""title"": ""Gaming Consoles"", ""brand"": ""Sony""}"
1375,C375,2023-06-16 17:33:45,"['Samsung Galaxy S21', 'Adidas Shorts']",Gaming,301.32,3,0.02,Credit Card,"876 Elm St, Denver, CO","{""title"": ""Smartphones"", ""brand"": ""Sony""}"
1376,C376,2023-06-16 17:38:45,"['Apple iPhone 13', 'Soundbar']",Electronics,546.15,2,0.12,PayPal,"876 Elm St, Denver, CO","{""title"": ""Televisions"", ""brand"": ""Dell""}"
1377,C377,2023-06-16 17:43:45,['Apple iPhone 13'],Gaming,203.17,3,0.12,Credit Card,"123 Main St, New York, NY","{""title"": ""Gaming Consoles"", ""brand"": ""Apple""}"
1378,C378,2023-06-16 17:48:45,"['Logitech Mouse', 'Dell XPS 15']",Gaming,1035.61,3,0.05,PayPal,"987 Maple St, Miami, FL","{""title"": ""Gaming Consoles"", ""brand"": ""LG""}"
1379,C379,2023-06-16 17:53:45,['Mouse'],Sports,1649.17,4,0.08,Debit Card,"789 Oak St, Chicago, IL","{""title"": ""Laptops"", ""brand"": ""Samsung""}"
1380,C380,2023-06-16 17:58:45,['Nike Air Zoom'],Sports,1733.38,4,0.01,PayPal,"564 Oak St, Los Angeles, CA","{""title"": ""Athletic Shoes"", ""brand"": ""Nike""}"
1381,C381,2023-06-16 18:03:45,['Nike Air Zoom'],Gaming,934.91,5,0.01,Credit Card,"123 Main St, New York, NY","{""title"": ""Televisions"", ""brand"": ""LG""}"
1382,C382,2023-06-16 18:08:45,"['Apple iPhone 13', 'FIFA 23']",Gaming,734.54,3,0.17,PayPal,"654 Cedar St, Austin, TX","{""title"": ""Gaming Consoles"", ""brand"": ""Samsung""}"
1383,C383,2023-06-16 18:13:45,['AirPods Pro'],Sports,1561.68,3,0.09,Credit Card,"789 Oak St, Chicago, IL","{""title"": ""Laptops"", ""brand"": ""LG""}"
1384,C384,2023-06-16 18:18:45,['Sony PlayStation 5'],Gaming,850.05,1,0.07,Debit Card,"789 Oak St, Chicago, IL","{""title"": ""Laptops"", ""brand"": ""Sony""}"
1385,C385,2023-06-16 18:23:45,"['Adidas Shorts', 'Watch 4']",Electronics,921.65,4,0.05,PayPal,"456 Elm St, San Francisco, CA","{""title"": ""Laptops"", ""brand"": ""LG""}"
1386,C386,2023-06-16 18:28:45,['Apple MacBook Pro'],Gaming,1781.65,2,0.08,Debit Card,"564 Oak St, Los Angeles, CA","{""title"": ""Gaming Consoles"", ""brand"": ""Apple""}"
1387,C387,2023-06-16 18:33:45,"['Watch 4', 'AirPods Pro']",Sports,1127.3,1,0.18,Credit Card,"876 Elm St, Denver, CO","{""title"": ""Televisions"", ""brand"": ""Dell""}"
1388,C388,2023-06-16 18:38:45,"['Logitech Mouse', 'Adidas Shorts']",Electronics,1919.22,5,0.2,PayPal,"789 Oak St, Chicago, IL","{""title"": ""Laptops"", ""brand"": ""Sony""}"
1389,C389,2023-06-16 18:43:45,"['Dell XPS 15', 'Samsung Galaxy S21']",Electronics,1561.76,3,0.13,Debit Card,"564 Oak St, Los Angeles, CA","{""title"": ""Athletic Shoes"", ""brand"": ""Samsung""}"
1390,C390,2023-06-16 18:48:45,"['Dell XPS 15', 'Nike Air Zoom']",Sports,486.77,5,0.04,PayPal,"987 Maple St, Miami, FL","{""title"": ""Athletic Shoes"", ""brand"": ""Dell""}"
1391,C391,2023-06-16 18:53:45,"['Samsung Galaxy S21', 'Logitech Mouse']",Sports,520.07,4,0.02,Credit Card,"789 Oak St, Chicago, IL","{""title"": ""Athletic Shoes"", ""brand"": ""Dell""}"
1392,C392,2023-06-16 18:58:45,['LG 4K Smart TV'],Electronics,980.6,5,0.14,Debit Card,"987 Maple St, Miami, FL","{""title"": ""Televisions"", ""brand"": ""Samsung""}"
1393,C393,2023-06-16 19:03:45,"['Samsung Galaxy S21', 'Watch 4']",Sports,324.94,4,0.05,PayPal,"789 Oak St, Chicago, IL","{""title"": ""Laptops"", ""brand"": ""Samsung""}"
1394,C394,2023-06-16 19:08:45,['Logitech Mouse'],Sports,909.77,4,0.1,Credit Card,"456 Elm St, San Francisco, CA","{""title"": ""Gaming Consoles"", ""brand"": ""Dell""}"
1395,C395,2023-06-16 19:13:45,"['Apple MacBook Pro', 'Dell XPS 15']",Electronics,751.96,2,0.09,Debit Card,"456 Elm St, San Francisco, CA","{""title"": ""Laptops"", ""brand"": ""Apple""}"
1396,C396,2023-06-16 19:18:45,"['Apple MacBook Pro', 'Logitech Mouse']",Gaming,998.06,5,0.19,Debit Card,"321 Pine St, Seattle, WA","{""title"": ""Laptops"", ""brand"": ""Samsung""}"
1397,C397,2023-06-16 19:23:45,"['Adidas Shorts', 'Watch 4']",Electronics,1867.15,4,0.0,Credit Card,"456 Elm St, San Francisco, CA","{""title"": ""Televisions"", ""brand"": ""Sony""}"
1398,C398,2023-06-16 19:28:45,['Logitech Mouse'],Electronics,340.18,2,0.05,PayPal,"321 Pine St, Seattle, WA","{""title"": ""Laptops"", ""brand"": ""Apple""}"
1399,C399,2023-06-16 19:33:45,['Soundbar'],Sports,1671.58,1,0.12,PayPal,"876 Elm St, Denver, CO","{""title"": ""Athletic Shoes"", ""brand"": ""Sony""}"
1400,C400,2023-06-16 19:38:45,['Samsung QLED TV'],Gaming,1384.77,5,0.11,Debit Card,"321 Pine St, Seattle, WA","{""title"": ""Gaming Consoles"", ""brand"": ""Samsung""}"
1401,C401,2023-06-16 19:43:45,"['Apple iPhone 13', 'Watch 4']",Sports,415.83,1,0.03,Debit Card,"123 Main St, New York, NY","{""title"": ""Gaming Consoles"", ""brand"": ""Sony""}"
1402,C402,2023-06-16 19:48:45,['Mouse'],Electronics,1868.9,2,0.07,Credit Card,"564 Oak St, Los Angeles, CA","{""title"": ""Gaming Consoles"", ""brand"": ""Samsung""}"
1403,C403,2023-06-16 19:53:45,['FIFA 23'],Gaming,1280.26,4,0.11,Credit Card,"987 Maple St, Miami, FL","{""title"": ""Athletic Shoes"", ""brand"": ""Samsung""}"
1404,C404,2023-06-16 19:58:45,['Adidas Shorts'],Sports,289.37,3,0.11,PayPal,"654 Cedar St, Austin, TX","{""title"": ""Televisions"", ""brand"": ""LG""}"
1405,C405,2023-06-16 20:03:45,['Watch 4'],Electronics,165.04,1,0.08,Credit Card,"987 Maple St, Miami, FL","{""title"": ""Gaming Consoles"", ""brand"": ""Apple""}"
1406,C406,2023-06-16 20:08:45,"['Soundbar', 'AirPods Pro']",Sports,718.48,4,0.04,Debit Card,"654 Cedar St, Austin, TX","{""title"": ""Smartphones"", ""brand"": ""Samsung""}"
1407,C407,2023-06-16 20:13:45,"['Apple MacBook Pro', 'FIFA 23']",Gaming,702.16,3,0.02,Debit Card,"876 Elm St, Denver, CO","{""title"": ""Athletic Shoes"", ""brand"": ""LG""}"
1408,C408,2023-06-16 20:18:45,"['Logitech Mouse', 'Apple iPhone 13']",Sports,1262.48,3,0.13,Debit Card,"123 Main St, New York, NY","{""title"": ""Athletic Shoes"", ""brand"": ""Sony""}"
1409,C409,2023-06-16 20:23:45,"['Soundbar', 'Logitech Mouse']",Electronics,362.69,1,0.05,Credit Card,"654 Cedar St, Austin, TX","{""title"": ""Gaming Consoles"", ""brand"": ""Apple""}"
1410,C410,2023-06-16 20:28:45,"['Sony PlayStation 5', 'Adidas Shorts']",Gaming,1805.07,3,0.16,PayPal,"876 Elm St, Denver, CO","{""title"": ""Athletic Shoes"", ""brand"": ""LG""}"
1411,C411,2023-06-16 20:33:45,"['Watch 4', 'FIFA 23']",Sports,811.08,5,0.05,PayPal,"564 Oak St, Los Angeles, CA","{""title"": ""Athletic Shoes"", ""brand"": ""Apple""}"
1412,C412,2023-06-16 20:38:45,"['Apple iPhone 13', 'Samsung QLED TV']",Electronics,415.88,5,0.15,Debit Card,"321 Pine St, Seattle, WA","{""title"": ""Laptops"", ""brand"": ""Sony""}"
1413,C413,2023-06-16 20:43:45,['Samsung Galaxy S21'],Sports,1017.39,1,0.02,Debit Card,"876 Elm St, Denver, CO","{""title"": ""Athletic Shoes"", ""brand"": ""Nike""}"
1414,C414,2023-06-16 20:48:45,"['Apple iPhone 13', 'Sony PlayStation 5']",Electronics,376.65,1,0.03,Credit Card,"123 Main St, New York, NY","{""title"": ""Televisions"", ""brand"": ""LG""}"
1415,C415,2023-06-16 20:53:45,['Samsung Galaxy S21'],Sports,141.91,1,0.01,PayPal,"564 Oak St, Los Angeles, CA","{""title"": ""Televisions"", ""brand"": ""Nike""}"
1416,C416,2023-06-16 20:58:45,['Apple MacBook Pro'],Gaming,1898.81,5,0.19,Credit Card,"987 Maple St, Miami, FL","{""title"": ""Athletic Shoes"", ""brand"": ""Apple""}"
1417,C417,2023-06-16 21:03:45,"['Nike Air Zoom', 'Watch 4']",Electronics,1555.72,1,0.09,Credit Card,"321 Pine St, Seattle, WA","{""title"": ""Televisions"", ""brand"": ""LG""}"
1418,C418,2023-06-16 21:08:45,"['LG 4K Smart TV', 'Watch 4']",Electronics,710.98,2,0.13,Debit Card,"987 Maple St, Miami, FL","{""title"": ""Smartphones"", ""brand"": ""Apple""}"
1419,C419,2023-06-16 21:13:45,"['Watch 4', 'FIFA 23']",Electronics,1531.69,1,0.15,Credit Card,"654 Cedar St, Austin, TX","{""title"": ""Athletic Shoes"", ""brand"": ""Nike""}"
1420,C420,2023-06-16 21:18:45,['Soundbar'],Gaming,1668.12,4,0.1,PayPal,"789 Oak St, Chicago, IL","{""title"": ""Laptops"", ""brand"": ""LG""}"
1421,C421,2023-06-16 21:23:45,['Apple MacBook Pro'],Sports,415.9,4,0.15,Credit Card,"789 Oak St, Chicago, IL","{""title"": ""Laptops"", ""brand"": ""Sony""}"
1422,C422,2023-06-16 21:28:45,"['FIFA 23', 'LG 4K Smart TV']",Gaming,689.7,4,0.09,PayPal,"654 Cedar St, Austin, TX","{""title"": ""Televisions"", ""brand"": ""Samsung""}"
1423,C423,2023-06-16 21:33:45,"['Samsung QLED TV', 'FIFA 23']",Sports,1062.46,1,0.17,Credit Card,"321 Pine St, Seattle, WA","{""title"": ""Smartphones"", ""brand"": ""Dell""}"
1424,C424,2023-06-16 21:38:45,"['Apple iPhone 13', 'LG 4K Smart TV']",Gaming,1108.42,3,0.15,Debit Card,"456 Elm St, San Francisco, CA","{""title"": ""Laptops"", ""brand"": ""Nike""}"
1425,C425,2023-06-16 21:43:45,['Watch 4'],Gaming,1710.06,2,0.04,Debit Card,"987 Maple St, Miami, FL","{""title"": ""Smartphones"", ""brand"": ""LG""}"
1426,C426,2023-06-16 21:48:45,"['AirPods Pro', 'Watch 4']",Gaming,1186.25,1,0.17,Credit Card,"564 Oak St, Los Angeles, CA","{""title"": ""Athletic Shoes"", ""brand"": ""LG""}"
1427,C427,2023-06-16 21:53:45,"['Watch 4', 'Mouse']",Sports,346.69,4,0.05,Credit Card,"789 Oak St, Chicago, IL","{""title"": ""Athletic Shoes"", ""brand"": ""Nike""}"
1428,C428,2023-06-16 21:58:45,['Sony PlayStation 5'],Gaming,1393.03,5,0.17,Debit Card,"654 Cedar St, Austin, TX","{""title"": ""Gaming Consoles"", ""brand"": ""Apple""}"
1429,C429,2023-06-16 22:03:45,"['Sony PlayStation 5', 'LG 4K Smart TV']",Sports,1012.22,2,0.14,Debit Card,"654 Cedar St, Austin, TX","{""title"": ""Smartphones"", ""brand"": ""Samsung""}"
1430,C430,2023-06-16 22:08:45,"['Sony PlayStation 5', 'Logitech Mouse']",Electronics,1343.25,1,0.04,Credit Card,"789 Oak St, Chicago, IL","{""title"": ""Laptops"", ""brand"": ""Sony""}"
1431,C431,2023-06-16 22:13:45,"['Mouse', 'Adidas Shorts']",Electronics,1861.17,2,0.18,PayPal,"564 Oak St, Los Angeles, CA","{""title"": ""Smartphones"", ""brand"": ""Sony""}"
1432,C432,2023-06-16 22:18:45,['Apple iPhone 13'],Gaming,1216.22,4,0.05,Debit Card,"123 Main St, New York, NY","{""title"": ""Athletic Shoes"", ""brand"": ""LG""}"
1433,C433,2023-06-16 22:23:45,"['Samsung QLED TV', 'LG 4K Smart TV']",Electronics,114.17,1,0.08,Debit Card,"456 Elm St, San Francisco, CA","{""title"": ""Televisions"", ""brand"": ""LG""}"
1434,C434,2023-06-16 22:28:45,['Apple iPhone 13'],Electronics,1001.13,1,0.12,PayPal,"789 Oak St, Chicago, IL","{""title"": ""Laptops"", ""brand"": ""LG""}"
1435,C435,2023-06-16 22:33:45,"['Logitech Mouse', 'Adidas Shorts']",Sports,1227.74,5,0.05,Debit Card,"564 Oak St, Los Angeles, CA","{""title"": ""Smartphones"", ""brand"": ""Apple""}"
1436,C436,2023-06-16 22:38:45,"['Apple iPhone 13', 'Apple MacBook Pro']",Electronics,669.49,4,0.17,Debit Card,"564 Oak St, Los Angeles, CA","{""title"": ""Televisions"", ""brand"": ""LG""}"
1437,C437,2023-06-16 22:43:45,"['Logitech Mouse', 'Samsung QLED TV']",Electronics,1475.65,2,0.14,PayPal,"456 Elm St, San Francisco, CA","{""title"": ""Gaming Consoles"", ""brand"": ""Samsung""}"
1438,C438,2023-06-16 22:48:45,"['AirPods Pro', 'Samsung QLED TV']",Gaming,51.0,5,0.04,PayPal,"456 Elm St, San Francisco, CA","{""title"": ""Athletic Shoes"", ""brand"": ""Nike""}"
1439,C439,2023-06-16 22:53:45,['Watch 4'],Sports,171.42,3,0.05,PayPal,"321 Pine St, Seattle, WA","{""title"": ""Televisions"", ""brand"": ""Dell""}"
1440,C440,2023-06-16 22:58:45,['Mouse'],Electronics,523.56,4,0.14,Credit Card,"456 Elm St, San Francisco, CA","{""title"": ""Gaming Consoles"", ""brand"": ""Apple""}"
1441,C441,2023-06-16 23:03:45,['Dell XPS 15'],Electronics,1754.61,4,0.16,Credit Card,"321 Pine St, Seattle, WA","{""title"": ""Smartphones"", ""brand"": ""Apple""}"
1442,C442,2023-06-16 23:08:45,['Logitech Mouse'],Gaming,1239.45,5,0.13,PayPal,"987 Maple St, Miami, FL","{""title"": ""Athletic Shoes"", ""brand"": ""Samsung""}"
1443,C443,2023-06-16 23:13:45,['Mouse'],Sports,1338.62,1,0.09,PayPal,"876 Elm St, Denver, CO","{""title"": ""Laptops"", ""brand"": ""LG""}"
1444,C444,2023-06-16 23:18:45,"['LG 4K Smart TV', 'Apple MacBook Pro']",Electronics,262.66,4,0.06,Credit Card,"456 Elm St, San Francisco, CA","{""title"": ""Smartphones"", ""brand"": ""Dell""}"
1445,C445,2023-06-16 23:23:45,"['Apple iPhone 13', 'Samsung Galaxy S21']",Sports,1933.02,5,0.14,PayPal,"789 Oak St, Chicago, IL","{""title"": ""Gaming Consoles"", ""brand"": ""Sony""}"
1446,C446,2023-06-16 23:28:45,['Logitech Mouse'],Gaming,1055.66,2,0.04,Credit Card,"789 Oak St, Chicago, IL","{""title"": ""Smartphones"", ""brand"": ""Apple""}"
1447,C447,2023-06-16 23:33:45,['Samsung Galaxy S21'],Gaming,1852.98,5,0.08,Debit Card,"123 Main St, New York, NY","{""title"": ""Gaming Consoles"", ""brand"": ""Sony""}"
1448,C448,2023-06-16 23:38:45,"['Samsung QLED TV', 'FIFA 23']",Electronics,1286.43,2,0.19,Debit Card,"876 Elm St, Denver, CO","{""title"": ""Gaming Consoles"", ""brand"": ""Nike""}"
1449,C449,2023-06-16 23:43:45,"['Dell XPS 15', 'AirPods Pro']",Sports,608.47,2,0.19,Debit Card,"654 Cedar St, Austin, TX","{""title"": ""Gaming Consoles"", ""brand"": ""Samsung""}"
1450,C450,2023-06-16 23:48:45,"['Soundbar', 'LG 4K Smart TV']",Sports,1381.9,5,0.02,Debit Card,"321 Pine St, Seattle, WA","{""title"": ""Laptops"", ""brand"": ""Dell""}"
1451,C451,2023-06-16 23:53:45,['Adidas Shorts'],Electronics,1012.19,2,0.07,Debit Card,"123 Main St, New York, NY","{""title"": ""Gaming Consoles"", ""brand"": ""Samsung""}"
1452,C452,2023-06-16 23:58:45,"['Apple MacBook Pro', 'Logitech Mouse']",Gaming,424.69,1,0.14,Debit Card,"876 Elm St, Denver, CO","{""title"": ""Smartphones"", ""brand"": ""LG""}"
1453,C453,2023-06-17 00:03:45,"['LG 4K Smart TV', 'Nike Air Zoom']",Electronics,776.64,5,0.09,Debit Card,"456 Elm St, San Francisco, CA","{""title"": ""Athletic Shoes"", ""brand"": ""Dell""}"
1454,C454,2023-06-17 00:08:45,"['Sony PlayStation 5', 'Watch 4']",Gaming,1694.31,4,0.03,PayPal,"123 Main St, New York, NY","{""title"": ""Gaming Consoles"", ""brand"": ""LG""}"
1455,C455,2023-06-17 00:13:45,['AirPods Pro'],Electronics,1449.14,3,0.17,Debit Card,"123 Main St, New York, NY","{""title"": ""Smartphones"", ""brand"": ""LG""}"
1456,C456,2023-06-17 00:18:45,['Samsung Galaxy S21'],Gaming,812.09,3,0.09,Credit Card,"321 Pine St, Seattle, WA","{""title"": ""Athletic Shoes"", ""brand"": ""Nike""}"
1457,C457,2023-06-17 00:23:45,"['Watch 4', 'Samsung QLED TV']",Gaming,1980.55,3,0.09,Debit Card,"789 Oak St, Chicago, IL","{""title"": ""Athletic Shoes"", ""brand"": ""Sony""}"
1458,C458,2023-06-17 00:28:45,"['Samsung QLED TV', 'Adidas Shorts']",Sports,669.18,2,0.07,Credit Card,"876 Elm St, Denver, CO","{""title"": ""Televisions"", ""brand"": ""Samsung""}"
1459,C459,2023-06-17 00:33:45,['Adidas Shorts'],Sports,1984.11,4,0.02,Debit Card,"321 Pine St, Seattle, WA","{""title"": ""Laptops"", ""brand"": ""LG""}"
1460,C460,2023-06-17 00:38:45,"['Mouse', 'Apple iPhone 13']",Gaming,181.28,1,0.02,Debit Card,"654 Cedar St, Austin, TX","{""title"": ""Gaming Consoles"", ""brand"": ""LG""}"
1461,C461,2023-06-17 00:43:45,['Dell XPS 15'],Sports,478.56,1,0.16,PayPal,"456 Elm St, San Francisco, CA","{""title"": ""Smartphones"", ""brand"": ""LG""}"
1462,C462,2023-06-17 00:48:45,"['AirPods Pro', 'Adidas Shorts']",Gaming,270.93,5,0.03,PayPal,"789 Oak St, Chicago, IL","{""title"": ""Smartphones"", ""brand"": ""Sony""}"
1463,C463,2023-06-17 00:53:45,"['Watch 4', 'Nike Air Zoom']",Sports,353.75,1,0.0,PayPal,"987 Maple St, Miami, FL","{""title"": ""Laptops"", ""brand"": ""Nike""}"
1464,C464,2023-06-17 00:58:45,"['Watch 4', 'Adidas Shorts']",Gaming,1875.98,1,0.16,Credit Card,"123 Main St, New York, NY","{""title"": ""Smartphones"", ""brand"": ""Apple""}"
1465,C465,2023-06-17 01:03:45,['AirPods Pro'],Gaming,1903.89,3,0.17,Credit Card,"987 Maple St, Miami, FL","{""title"": ""Smartphones"", ""brand"": ""Sony""}"
1466,C466,2023-06-17 01:08:45,"['Nike Air Zoom', 'FIFA 23']",Electronics,1430.12,2,0.08,Debit Card,"654 Cedar St, Austin, TX","{""title"": ""Athletic Shoes"", ""brand"": ""Apple""}"
1467,C467,2023-06-17 01:13:45,['FIFA 23'],Electronics,459.54,2,0.1,PayPal,"321 Pine St, Seattle, WA","{""title"": ""Televisions"", ""brand"": ""Sony""}"
1468,C468,2023-06-17 01:18:45,"['Sony PlayStation 5', 'Soundbar']",Gaming,767.36,5,0.08,PayPal,"654 Cedar St, Austin, TX","{""title"": ""Smartphones"", ""brand"": ""Samsung""}"
1469,C469,2023-06-17 01:23:45,['Samsung Galaxy S21'],Gaming,140.88,2,0.14,PayPal,"123 Main St, New York, NY","{""title"": ""Athletic Shoes"", ""brand"": ""LG""}"
1470,C470,2023-06-17 01:28:45,['LG 4K Smart TV'],Electronics,841.97,1,0.08,Debit Card,"564 Oak St, Los Angeles, CA","{""title"": ""Smartphones"", ""brand"": ""Apple""}"
1471,C471,2023-06-17 01:33:45,"['FIFA 23', 'Soundbar']",Gaming,220.76,3,0.14,Debit Card,"987 Maple St, Miami, FL","{""title"": ""Laptops"", ""brand"": ""Dell""}"
1472,C472,2023-06-17 01:38:45,['Apple MacBook Pro'],Electronics,854.06,1,0.06,Debit Card,"456 Elm St, San Francisco, CA","{""title"": ""Gaming Consoles"", ""brand"": ""Sony""}"
1473,C473,2023-06-17 01:43:45,['Samsung QLED TV'],Gaming,1160.74,3,0.03,Debit Card,"987 Maple St, Miami, FL","{""title"": ""Gaming Consoles"", ""brand"": ""Samsung""}"
1474,C474,2023-06-17 01:48:45,"['Samsung Galaxy S21', 'Samsung QLED TV']",Electronics,1591.91,2,0.06,Credit Card,"654 Cedar St, Austin, TX","{""title"": ""Gaming Consoles"", ""brand"": ""Samsung""}"
1475,C475,2023-06-17 01:53:45,['Samsung Galaxy S21'],Electronics,1104.65,3,0.02,PayPal,"987 Maple St, Miami, FL","{""title"": ""Smartphones"", ""brand"": ""Nike""}"
1476,C476,2023-06-17 01:58:45,['Apple MacBook Pro'],Electronics,1285.09,5,0.13,Credit Card,"456 Elm St, San Francisco, CA","{""title"": ""Televisions"", ""brand"": ""Apple""}"
1477,C477,2023-06-17 02:03:45,"['Soundbar', 'Apple MacBook Pro']",Gaming,1923.34,1,0.07,Debit Card,"654 Cedar St, Austin, TX","{""title"": ""Laptops"", ""brand"": ""Dell""}"
1478,C478,2023-06-17 02:08:45,['Watch 4'],Electronics,1354.09,1,0.19,Credit Card,"789 Oak St, Chicago, IL","{""title"": ""Televisions"", ""brand"": ""LG""}"
1479,C479,2023-06-17 02:13:45,['Mouse'],Electronics,1085.14,3,0.0,Debit Card,"987 Maple St, Miami, FL","{""title"": ""Gaming Consoles"", ""brand"": ""Dell""}"
1480,C480,2023-06-17 02:18:45,['Apple MacBook Pro'],Gaming,1817.54,2,0.07,Credit Card,"123 Main St, New York, NY","{""title"": ""Gaming Consoles"", ""brand"": ""Samsung""}"
1481,C481,2023-06-17 02:23:45,"['FIFA 23', 'Soundbar']",Sports,651.83,3,0.07,PayPal,"123 Main St, New York, NY","{""title"": ""Televisions"", ""brand"": ""Apple""}"
1482,C482,2023-06-17 02:28:45,['Nike Air Zoom'],Sports,1110.63,4,0.17,Debit Card,"564 Oak St, Los Angeles, CA","{""title"": ""Athletic Shoes"", ""brand"": ""Samsung""}"
1483,C483,2023-06-17 02:33:45,"['Samsung QLED TV', 'AirPods Pro']",Sports,178.79,3,0.05,Credit Card,"123 Main St, New York, NY","{""title"": ""Athletic Shoes"", ""brand"": ""Apple""}"
1484,C484,2023-06-17 02:38:45,['LG 4K Smart TV'],Electronics,1229.45,4,0.18,Credit Card,"564 Oak St, Los Angeles, CA","{""title"": ""Laptops"", ""brand"": ""Dell""}"
1485,C485,2023-06-17 02:43:45,"['Logitech Mouse', 'Samsung QLED TV']",Gaming,1474.44,4,0.11,Credit Card,"321 Pine St, Seattle, WA","{""title"": ""Gaming Consoles"", ""brand"": ""Nike""}"
1486,C486,2023-06-17 02:48:45,"['Apple iPhone 13', 'Watch 4']",Gaming,1516.96,5,0.05,PayPal,"564 Oak St, Los Angeles, CA","{""title"": ""Laptops"", ""brand"": ""Sony""}"
1487,C487,2023-06-17 02:53:45,['Nike Air Zoom'],Sports,447.72,5,0.03,Credit Card,"876 Elm St, Denver, CO","{""title"": ""Laptops"", ""brand"": ""Samsung""}"
1488,C488,2023-06-17 02:58:45,"['Apple MacBook Pro', 'Adidas Shorts']",Sports,1253.18,1,0.09,PayPal,"654 Cedar St, Austin, TX","{""title"": ""Laptops"", ""brand"": ""Nike""}"
1489,C489,2023-06-17 03:03:45,"['LG 4K Smart TV', 'FIFA 23']",Sports,752.02,1,0.0,PayPal,"123 Main St, New York, NY","{""title"": ""Gaming Consoles"", ""brand"": ""LG""}"
1490,C490,2023-06-17 03:08:45,['Sony PlayStation 5'],Gaming,213.24,3,0.0,Debit Card,"789 Oak St, Chicago, IL","{""title"": ""Gaming Consoles"", ""brand"": ""LG""}"
1491,C491,2023-06-17 03:13:45,['Soundbar'],Gaming,95.31,4,0.07,Debit Card,"876 Elm St, Denver, CO","{""title"": ""Laptops"", ""brand"": ""Sony""}"
1492,C492,2023-06-17 03:18:45,"['Adidas Shorts', 'Watch 4']",Electronics,1626.56,4,0.04,PayPal,"456 Elm St, San Francisco, CA","{""title"": ""Laptops"", ""brand"": ""Sony""}"
1493,C493,2023-06-17 03:23:45,"['Apple MacBook Pro', 'Sony PlayStation 5']",Electronics,1247.04,4,0.11,PayPal,"123 Main St, New York, NY","{""title"": ""Laptops"", ""brand"": ""Samsung""}"
1494,C494,2023-06-17 03:28:45,"['Apple iPhone 13', 'Watch 4']",Sports,1737.84,5,0.1,Debit Card,"123 Main St, New York, NY","{""title"": ""Gaming Consoles"", ""brand"": ""Nike""}"
1495,C495,2023-06-17 03:33:45,['FIFA 23'],Gaming,1196.4,4,0.06,Debit Card,"456 Elm St, San Francisco, CA","{""title"": ""Televisions"", ""brand"": ""LG""}"
1496,C496,2023-06-17 03:38:45,['FIFA 23'],Gaming,1918.76,5,0.02,PayPal,"789 Oak St, Chicago, IL","{""title"": ""Laptops"", ""brand"": ""Apple""}"
1497,C497,2023-06-17 03:43:45,"['Nike Air Zoom', 'Adidas Shorts']",Electronics,766.65,4,0.11,PayPal,"564 Oak St, Los Angeles, CA","{""title"": ""Gaming Consoles"", ""brand"": ""LG""}"
1498,C498,2023-06-17 03:48:45,['Sony PlayStation 5'],Sports,958.22,5,0.06,PayPal,"564 Oak St, Los Angeles, CA","{""title"": ""Athletic Shoes"", ""brand"": ""Nike""}"
1499,C499,2023-06-17 03:53:45,"['Nike Air Zoom', 'Samsung Galaxy S21']",Sports,264.86,1,0.01,Credit Card,"789 Oak St, Chicago, IL","{""title"": ""Televisions"", ""brand"": ""Sony""}"
1500,C500,2023-06-17 03:58:45,"['Apple iPhone 13', 'FIFA 23']",Electronics,921.95,2,0.18,PayPal,"321 Pine St, Seattle, WA","{""title"": ""Smartphones"", ""brand"": ""Sony""}"
